Timestamp,Session Duration (s),Failed Logins,Usual Location,Time Difference (mins),Usual Device,Current Device,Usual IP,Current IP,Is ATO
2023-02-28 12:44:26,2629,8,False,71,Tablet,Tablet,25.251.173.126,5.2.102.139,False
2023-05-08 12:44:26,2674,10,True,57,Desktop,Tablet,238.136.242.37,196.44.84.237,True
2022-10-24 12:44:26,188,7,True,110,Desktop,Desktop,189.163.207.53,41.230.176.162,False
2023-01-11 12:44:26,1287,3,False,59,Tablet,Mobile,137.222.131.40,23.228.106.178,False
2023-05-09 12:44:26,2023,5,True,67,Mobile,Desktop,8.44.209.161,236.178.16.14,True
2023-05-10 12:44:26,1474,2,True,113,Mobile,Desktop,214.240.62.106,23.246.181.148,False
2022-08-06 12:44:26,1109,6,False,10,Mobile,Desktop,90.23.164.126,64.36.13.170,False
2022-08-30 12:44:26,1073,1,False,4,Tablet,Mobile,19.4.157.218,13.42.224.94,False
2022-11-18 12:44:26,2022,2,True,95,Mobile,Tablet,239.44.164.64,248.89.191.86,False
2023-06-16 12:44:26,1010,4,False,81,Desktop,Tablet,151.147.232.96,166.184.245.147,False
2023-07-07 12:44:26,614,1,True,110,Desktop,Desktop,147.84.206.87,63.194.17.219,False
2023-06-11 12:44:26,293,9,True,37,Mobile,Mobile,31.81.75.149,74.139.47.115,False
2022-08-13 12:44:26,1555,7,False,25,Tablet,Desktop,233.30.127.237,140.46.7.143,False
2023-01-08 12:44:26,2635,3,True,18,Desktop,Mobile,253.52.104.206,153.65.211.248,False
2023-03-13 12:44:26,1131,6,True,87,Desktop,Desktop,76.235.29.12,60.134.126.24,False
2023-04-16 12:44:26,3595,4,True,89,Tablet,Desktop,124.27.69.247,29.98.202.185,True
2023-01-01 12:44:26,1491,9,True,40,Tablet,Tablet,32.131.10.167,204.14.165.147,False
2022-11-30 12:44:26,2580,2,True,79,Tablet,Tablet,115.68.228.180,146.44.159.194,False
2023-06-25 12:44:26,799,3,True,103,Tablet,Tablet,233.203.145.77,93.67.119.19,False
2023-07-22 12:44:26,2659,1,True,107,Mobile,Tablet,31.53.156.20,69.142.95.242,False
2022-08-17 12:44:26,278,9,False,48,Mobile,Desktop,241.185.25.84,127.239.39.102,False
2022-08-23 12:44:26,477,1,False,117,Desktop,Mobile,230.150.155.164,111.76.250.36,False
2023-04-13 12:44:26,2869,7,True,38,Desktop,Mobile,128.140.15.22,207.159.213.95,True
2023-06-29 12:44:26,2324,2,True,50,Tablet,Desktop,251.36.52.90,255.53.191.5,False
2023-03-26 12:44:26,1276,8,True,56,Mobile,Desktop,94.170.45.80,231.255.43.103,False
2022-10-05 12:44:26,1668,3,True,46,Desktop,Mobile,75.13.226.109,19.149.228.138,False
2022-12-20 12:44:26,2975,8,True,41,Desktop,Tablet,123.7.108.67,85.44.55.33,True
2022-08-07 12:44:26,631,7,True,34,Desktop,Desktop,199.93.249.249,199.142.162.205,False
2023-05-16 12:44:26,3490,6,True,38,Desktop,Mobile,129.166.253.127,176.89.236.97,True
2023-02-07 12:44:26,2099,9,False,102,Desktop,Tablet,136.246.92.114,188.53.127.99,False
2023-04-22 12:44:26,2013,6,False,81,Mobile,Tablet,48.117.55.138,113.27.71.69,False
2022-10-09 12:44:26,953,5,True,79,Tablet,Mobile,74.11.87.144,105.131.57.243,False
2023-02-19 12:44:26,2022,9,True,63,Tablet,Mobile,244.117.185.73,33.127.114.247,True
2022-08-27 12:44:26,3207,3,True,112,Desktop,Mobile,70.210.185.75,141.250.137.177,True
2023-07-20 12:44:26,321,7,True,40,Tablet,Desktop,218.73.58.213,68.188.11.47,False
2022-11-26 12:44:26,2581,3,True,73,Desktop,Tablet,71.39.160.227,107.18.187.61,True
2023-03-18 12:44:26,2361,9,False,58,Mobile,Mobile,17.202.26.100,26.79.67.95,False
2022-12-01 12:44:26,1900,4,False,72,Desktop,Desktop,254.101.140.66,234.37.22.244,False
2022-10-10 12:44:26,2426,9,True,109,Tablet,Mobile,69.243.248.165,148.32.13.58,True
2023-06-15 12:44:26,1720,5,True,104,Desktop,Desktop,150.25.31.250,126.84.166.132,False
2023-01-09 12:44:26,1288,9,False,104,Tablet,Mobile,240.204.175.102,30.95.240.208,False
2023-07-21 12:44:26,3019,9,False,101,Tablet,Desktop,185.18.118.99,109.110.139.154,False
2022-09-28 12:44:26,407,3,True,22,Mobile,Mobile,132.121.166.168,250.226.221.155,False
2023-07-01 12:44:26,517,7,True,94,Mobile,Mobile,6.1.90.79,77.234.119.72,False
2023-06-29 12:44:26,2837,4,True,76,Desktop,Desktop,56.239.154.165,157.45.123.60,False
2023-01-27 12:44:26,229,0,True,17,Tablet,Tablet,126.245.6.79,122.207.135.79,False
2023-04-17 12:44:26,3195,1,False,2,Mobile,Desktop,229.84.197.166,238.149.255.99,False
2023-02-08 12:44:26,1257,4,True,71,Tablet,Tablet,100.47.71.195,117.225.251.85,False
2023-04-03 12:44:26,1289,0,True,8,Tablet,Desktop,247.78.4.246,165.255.23.98,False
2023-02-13 12:44:26,623,9,False,13,Tablet,Desktop,125.210.40.67,223.153.232.218,False
2023-01-29 12:44:26,1832,8,True,9,Tablet,Mobile,185.184.69.225,169.52.98.14,False
2023-05-30 12:44:26,1428,7,True,7,Tablet,Desktop,178.7.180.203,68.102.112.156,False
2023-04-03 12:44:26,231,8,True,34,Desktop,Tablet,211.212.253.20,83.102.105.139,False
2023-04-22 12:44:26,1785,0,False,37,Tablet,Desktop,234.46.134.110,195.145.46.191,False
2023-02-15 12:44:26,3582,5,False,72,Desktop,Mobile,191.222.235.228,157.79.63.86,False
2023-01-26 12:44:26,3557,1,True,35,Tablet,Desktop,64.43.255.227,43.191.110.177,False
2023-08-01 12:44:26,2175,1,True,53,Mobile,Tablet,106.16.151.96,111.121.135.7,False
2022-10-11 12:44:26,1647,3,False,63,Mobile,Tablet,12.243.22.69,191.90.223.111,False
2022-12-02 12:44:26,3144,0,False,78,Mobile,Desktop,185.130.68.164,213.130.209.175,False
2023-06-06 12:44:26,624,7,False,74,Tablet,Mobile,1.81.121.164,244.38.255.178,False
2022-09-21 12:44:26,2859,2,True,3,Mobile,Tablet,231.85.108.57,246.103.226.71,False
2023-04-25 12:44:26,1132,3,False,58,Desktop,Desktop,96.203.253.97,41.210.125.33,False
2022-08-26 12:44:26,1852,5,True,20,Desktop,Tablet,51.158.217.167,92.221.102.191,False
2022-12-30 12:44:26,3599,9,True,60,Tablet,Desktop,211.164.214.88,219.140.163.233,True
2023-05-17 12:44:26,2047,10,True,11,Desktop,Mobile,197.173.154.152,223.32.78.223,False
2023-06-27 12:44:26,1908,9,False,12,Mobile,Desktop,72.20.244.81,169.23.240.239,False
2023-05-26 12:44:26,2274,5,True,42,Desktop,Desktop,80.131.97.93,50.19.195.183,False
2023-04-13 12:44:26,2182,10,True,118,Mobile,Desktop,228.162.82.29,74.136.226.205,True
2023-04-23 12:44:26,2760,4,False,79,Tablet,Tablet,127.205.9.33,62.216.31.134,False
2023-01-22 12:44:26,3046,8,True,19,Desktop,Tablet,119.86.15.113,188.28.186.225,False
2023-05-24 12:44:26,2357,1,True,32,Tablet,Desktop,26.3.3.117,146.150.209.193,False
2023-05-24 12:44:26,2677,0,True,45,Mobile,Mobile,24.99.133.181,192.144.204.125,False
2023-05-23 12:44:26,689,1,True,89,Desktop,Tablet,130.119.255.3,91.25.140.136,False
2022-08-20 12:44:26,2612,8,False,5,Tablet,Tablet,135.6.141.37,137.225.170.177,False
2023-02-22 12:44:26,2975,7,False,85,Tablet,Tablet,68.41.181.58,22.110.170.249,False
2022-12-08 12:44:26,2565,2,True,57,Tablet,Mobile,98.78.68.204,228.47.169.161,False
2022-12-09 12:44:26,2355,2,True,95,Desktop,Tablet,13.115.251.154,146.90.225.79,False
2023-02-01 12:44:26,201,2,True,112,Mobile,Mobile,28.74.233.201,13.55.115.139,False
2023-04-12 12:44:26,1556,8,True,98,Mobile,Mobile,250.135.123.186,208.105.50.168,False
2022-11-29 12:44:26,2160,8,False,65,Desktop,Tablet,129.40.65.155,225.97.87.92,False
2023-03-25 12:44:26,376,0,True,112,Tablet,Tablet,194.234.94.119,73.173.212.28,False
2023-02-01 12:44:26,1846,9,True,7,Mobile,Mobile,96.210.25.199,206.11.57.170,False
2022-09-24 12:44:26,1128,0,True,7,Desktop,Mobile,204.142.18.143,235.123.59.246,False
2023-06-24 12:44:26,3329,2,True,53,Desktop,Tablet,170.245.160.29,159.177.204.111,False
2023-05-27 12:44:26,470,4,True,34,Mobile,Tablet,26.86.107.149,251.230.215.184,False
2022-09-27 12:44:26,3371,0,True,111,Desktop,Tablet,251.170.149.166,32.203.26.3,False
2022-12-20 12:44:26,1322,10,True,94,Tablet,Tablet,134.8.210.165,100.135.167.171,False
2023-03-26 12:44:26,508,0,True,65,Desktop,Tablet,211.207.238.131,105.165.206.29,False
2023-06-29 12:44:26,1077,10,True,27,Mobile,Tablet,178.81.78.79,85.87.33.10,False
2023-05-25 12:44:26,1350,8,False,105,Desktop,Desktop,18.240.202.116,54.121.38.212,False
2023-07-07 12:44:26,2202,7,False,23,Tablet,Desktop,20.18.224.229,5.227.22.39,False
2023-02-10 12:44:26,1188,0,True,46,Tablet,Tablet,196.16.85.201,130.23.255.3,False
2023-04-20 12:44:26,1815,6,False,93,Tablet,Tablet,198.214.201.48,113.181.245.97,False
2023-02-18 12:44:26,924,1,True,4,Mobile,Desktop,247.150.65.83,134.212.47.65,False
2022-11-15 12:44:26,453,3,True,82,Desktop,Mobile,110.100.104.227,127.22.189.156,False
2022-10-11 12:44:26,721,10,False,4,Desktop,Mobile,187.255.190.44,90.220.228.6,False
2023-07-25 12:44:26,1789,3,True,110,Tablet,Mobile,224.255.81.11,77.40.9.98,False
2023-05-17 12:44:26,583,4,True,114,Tablet,Mobile,249.37.237.171,253.93.51.61,False
2022-12-01 12:44:26,815,8,True,99,Mobile,Mobile,167.53.19.128,121.165.39.133,False
2023-04-10 12:44:26,2291,7,True,96,Tablet,Tablet,66.100.252.153,32.242.201.66,False
2023-07-05 12:44:26,2475,4,True,44,Mobile,Mobile,207.167.216.162,173.175.182.39,False
2022-11-08 12:44:26,1207,2,True,37,Mobile,Desktop,121.131.70.124,11.206.147.191,False
2023-02-24 12:44:26,733,3,False,26,Tablet,Tablet,148.88.39.173,183.201.34.142,False
2022-09-21 12:44:26,1018,5,True,14,Tablet,Tablet,1.156.251.163,140.102.205.42,False
2023-05-11 12:44:26,2029,0,False,28,Mobile,Tablet,216.22.43.64,34.86.184.246,False
2023-05-20 12:44:26,3401,1,True,51,Tablet,Mobile,149.236.63.54,164.136.86.170,False
2023-04-06 12:44:26,2334,6,False,62,Tablet,Mobile,101.87.86.117,182.176.247.175,False
2023-03-26 12:44:26,180,7,True,57,Tablet,Mobile,117.150.205.17,48.5.192.241,False
2022-10-31 12:44:26,371,0,True,37,Desktop,Tablet,100.126.100.40,107.249.157.62,False
2023-01-01 12:44:26,73,1,False,90,Tablet,Tablet,66.192.52.98,222.82.154.115,False
2023-05-09 12:44:26,1237,9,True,62,Mobile,Mobile,220.59.234.228,25.132.45.59,False
2023-05-16 12:44:26,571,9,True,45,Desktop,Mobile,231.249.80.152,44.196.252.42,False
2023-06-11 12:44:26,3408,6,False,55,Desktop,Desktop,83.54.58.108,121.217.202.105,False
2023-04-15 12:44:26,2019,5,False,52,Desktop,Mobile,67.129.39.25,100.28.229.47,False
2022-08-28 12:44:26,3503,3,True,114,Desktop,Mobile,145.130.207.219,197.231.244.170,True
2023-07-05 12:44:26,1940,5,False,87,Mobile,Desktop,235.158.242.213,49.49.113.59,False
2022-08-11 12:44:26,2801,10,True,90,Desktop,Desktop,170.21.44.66,114.236.104.102,False
2022-08-24 12:44:26,2908,0,True,98,Tablet,Tablet,230.24.67.239,168.170.203.94,False
2022-09-23 12:44:26,2690,2,True,67,Desktop,Desktop,37.125.41.172,57.42.5.13,False
2022-12-22 12:44:26,384,6,False,68,Desktop,Desktop,102.213.194.90,206.61.192.72,False
2023-04-17 12:44:26,2008,10,True,56,Mobile,Mobile,135.99.89.195,33.44.179.60,False
2023-02-01 12:44:26,2294,2,True,49,Desktop,Tablet,217.170.240.46,161.100.5.181,False
2023-01-22 12:44:26,2374,0,True,93,Tablet,Desktop,188.45.2.84,149.221.17.170,False
2022-10-25 12:44:26,2488,10,False,47,Mobile,Desktop,181.16.104.39,6.117.204.209,False
2022-12-06 12:44:26,2397,7,True,15,Tablet,Mobile,171.165.28.64,11.193.87.9,False
2023-05-07 12:44:26,1896,4,False,79,Mobile,Desktop,31.184.142.219,136.234.221.139,False
2022-12-31 12:44:26,175,1,False,64,Tablet,Tablet,178.9.192.33,212.193.36.62,False
2023-02-08 12:44:26,1178,4,True,56,Mobile,Mobile,140.238.214.124,129.211.68.243,False
2022-10-14 12:44:26,1625,5,False,66,Desktop,Mobile,216.58.9.58,203.58.129.70,False
2022-09-26 12:44:26,3399,3,True,62,Mobile,Mobile,45.73.183.22,213.52.65.81,False
2023-03-11 12:44:26,1134,9,True,81,Mobile,Mobile,249.134.97.51,94.245.229.90,False
2023-04-05 12:44:26,2097,7,True,97,Mobile,Tablet,164.28.52.159,189.3.96.79,True
2023-05-18 12:44:26,3520,8,True,83,Tablet,Desktop,73.94.60.41,110.197.190.87,True
2023-06-29 12:44:26,1186,3,True,29,Mobile,Desktop,254.177.58.187,160.96.6.252,False
2023-01-10 12:44:26,1808,5,False,83,Desktop,Tablet,173.151.76.220,197.137.225.63,False
2022-08-11 12:44:26,3578,9,False,62,Tablet,Tablet,127.174.91.218,163.147.7.246,False
2022-12-20 12:44:26,912,0,True,82,Tablet,Mobile,15.213.76.142,237.137.71.185,False
2023-03-05 12:44:26,1422,4,False,51,Mobile,Tablet,228.223.154.175,220.50.60.252,False
2022-09-13 12:44:26,512,10,True,1,Desktop,Mobile,129.95.221.107,16.209.151.144,False
2023-04-24 12:44:26,1060,10,True,30,Tablet,Desktop,43.57.122.232,135.92.164.1,False
2023-05-01 12:44:26,1774,4,True,31,Tablet,Mobile,238.193.143.75,187.251.227.6,False
2023-01-03 12:44:26,2039,9,True,86,Desktop,Mobile,171.55.188.7,139.49.208.164,True
2023-06-13 12:44:26,583,8,True,104,Desktop,Tablet,60.246.167.127,162.13.6.220,False
2023-03-18 12:44:26,3399,5,True,26,Tablet,Tablet,51.109.215.75,71.222.210.93,False
2023-07-29 12:44:26,2717,6,True,79,Desktop,Mobile,253.212.42.241,85.28.130.131,True
2023-06-28 12:44:26,1159,9,True,99,Desktop,Tablet,241.51.156.51,185.21.102.103,False
2023-03-10 12:44:26,1094,3,True,47,Tablet,Desktop,169.133.255.165,239.142.207.80,False
2023-07-28 12:44:26,1902,7,False,57,Desktop,Mobile,134.151.229.55,51.184.42.240,False
2023-03-04 12:44:26,1482,0,True,72,Desktop,Tablet,171.105.113.194,209.117.176.141,False
2023-03-11 12:44:26,1580,7,False,87,Tablet,Mobile,63.240.47.130,9.112.112.212,False
2023-07-10 12:44:26,1780,1,False,75,Tablet,Tablet,4.32.47.3,190.26.97.40,False
2023-04-12 12:44:26,564,5,True,63,Tablet,Desktop,174.220.187.178,86.93.93.241,False
2023-01-23 12:44:26,1033,0,True,61,Mobile,Desktop,203.220.79.155,32.12.169.73,False
2022-09-24 12:44:26,3476,7,True,9,Desktop,Desktop,22.130.169.55,174.162.220.136,False
2023-04-23 12:44:26,767,10,True,61,Desktop,Mobile,155.107.245.223,78.170.90.77,False
2023-01-27 12:44:26,3478,1,True,62,Desktop,Desktop,100.168.6.54,3.152.9.72,False
2023-07-20 12:44:26,3478,0,True,105,Mobile,Tablet,235.98.213.116,148.194.178.218,False
2022-08-14 12:44:26,3157,7,True,7,Tablet,Mobile,110.251.182.153,25.199.14.91,False
2023-01-10 12:44:26,380,0,False,12,Desktop,Desktop,99.219.118.134,255.232.5.163,False
2022-09-22 12:44:26,2780,5,False,73,Desktop,Tablet,225.128.110.238,116.132.84.184,False
2022-08-06 12:44:26,1115,10,True,78,Mobile,Tablet,145.254.165.156,166.252.223.50,False
2023-06-07 12:44:26,1859,8,False,27,Desktop,Tablet,131.27.85.14,4.51.6.200,False
2023-06-03 12:44:26,2934,6,True,65,Tablet,Tablet,30.145.171.31,157.221.160.23,False
2023-05-22 12:44:26,1877,8,True,110,Desktop,Mobile,91.81.39.82,6.163.23.207,True
2023-03-29 12:44:26,2874,9,False,38,Tablet,Mobile,6.135.230.240,17.226.45.172,False
2022-08-19 12:44:26,1896,9,True,71,Mobile,Desktop,221.195.138.49,86.183.234.253,True
2022-12-12 12:44:26,1458,6,True,73,Tablet,Mobile,22.87.50.78,213.52.114.26,False
2023-01-31 12:44:26,2388,5,True,42,Tablet,Tablet,246.234.211.108,224.160.239.146,False
2022-12-26 12:44:26,3584,4,False,84,Desktop,Mobile,88.214.121.74,6.217.188.240,False
2023-08-04 12:44:26,3478,9,True,4,Tablet,Desktop,24.82.36.22,202.191.144.68,False
2023-03-24 12:44:26,1940,8,True,113,Tablet,Tablet,164.144.169.191,100.247.66.41,False
2023-02-08 12:44:26,1434,8,True,91,Tablet,Tablet,71.172.129.125,230.174.244.202,False
2022-10-30 12:44:26,3462,0,True,41,Tablet,Mobile,142.120.97.72,46.56.156.204,False
2023-06-01 12:44:26,916,7,True,66,Desktop,Desktop,129.179.215.94,255.86.240.241,False
2022-09-22 12:44:26,812,10,True,73,Mobile,Tablet,202.34.35.196,246.17.46.168,False
2023-07-19 12:44:26,663,0,True,98,Desktop,Mobile,27.86.34.12,138.101.18.185,False
2023-01-18 12:44:26,2673,7,True,39,Tablet,Mobile,95.175.142.164,248.95.206.83,True
2022-09-10 12:44:26,1107,10,True,104,Desktop,Desktop,161.90.228.134,48.197.191.73,False
2023-05-05 12:44:26,909,2,True,88,Mobile,Tablet,121.133.12.17,3.17.49.254,False
2023-04-28 12:44:26,1482,0,True,9,Mobile,Mobile,37.95.75.254,21.107.237.187,False
2023-04-01 12:44:26,1608,2,True,104,Desktop,Tablet,110.153.1.192,23.235.74.151,False
2023-02-02 12:44:26,1528,7,True,81,Tablet,Desktop,140.242.6.181,80.225.232.51,False
2023-05-13 12:44:26,550,2,True,68,Tablet,Mobile,75.166.91.110,223.54.18.162,False
2022-11-28 12:44:26,1545,2,False,47,Mobile,Tablet,247.251.175.82,17.245.231.217,False
2023-07-23 12:44:26,3134,5,False,6,Tablet,Mobile,188.165.174.24,125.208.14.43,False
2022-12-20 12:44:26,3307,9,True,117,Tablet,Mobile,229.48.125.51,227.86.4.203,True
2022-11-29 12:44:26,1826,6,True,114,Tablet,Tablet,201.191.4.23,9.177.46.241,False
2022-11-06 12:44:26,3055,9,True,92,Mobile,Desktop,19.143.233.33,159.205.242.128,True
2023-06-16 12:44:26,1871,8,True,85,Desktop,Desktop,34.124.88.193,54.192.42.33,False
2023-06-20 12:44:26,2813,4,False,89,Tablet,Desktop,169.194.247.69,134.158.17.55,False
2022-11-16 12:44:26,875,2,True,112,Mobile,Mobile,133.127.163.33,115.92.137.223,False
2022-12-01 12:44:26,1428,9,True,83,Mobile,Desktop,185.221.133.145,230.60.195.139,False
2022-09-26 12:44:26,989,6,True,62,Desktop,Mobile,21.225.245.105,255.254.158.60,False
2022-12-25 12:44:26,737,3,True,70,Desktop,Tablet,11.83.167.37,210.78.181.100,False
2023-01-15 12:44:26,3011,9,True,27,Mobile,Desktop,60.34.154.48,102.80.242.9,False
2023-04-16 12:44:26,2069,9,True,81,Mobile,Mobile,128.128.151.89,12.209.198.179,False
2023-07-31 12:44:26,242,4,True,94,Desktop,Desktop,150.10.53.72,247.76.136.183,False
2022-08-24 12:44:26,1629,7,False,120,Tablet,Desktop,38.231.113.198,68.175.181.253,False
2022-12-04 12:44:26,2041,7,True,34,Mobile,Tablet,170.105.178.178,100.149.191.62,True
2023-05-07 12:44:26,2817,2,True,52,Mobile,Tablet,68.49.99.43,141.8.183.138,False
2023-05-11 12:44:26,3144,2,False,45,Desktop,Mobile,132.39.209.210,233.184.173.244,False
2023-06-24 12:44:26,1054,0,True,81,Mobile,Desktop,198.176.137.127,131.120.77.78,False
2022-08-07 12:44:26,1732,7,True,2,Desktop,Desktop,105.7.82.59,215.3.194.99,False
2023-01-27 12:44:26,1237,4,False,72,Desktop,Tablet,17.160.64.152,222.40.221.156,False
2022-09-22 12:44:26,978,1,True,21,Tablet,Desktop,66.60.248.96,82.8.52.13,False
2022-12-23 12:44:26,1428,6,False,110,Desktop,Mobile,94.10.225.173,224.15.210.79,False
2023-07-25 12:44:26,1300,2,True,48,Mobile,Tablet,159.68.229.171,103.58.61.80,False
2022-09-15 12:44:26,2648,1,True,39,Tablet,Mobile,128.108.114.215,159.236.81.29,False
2023-05-26 12:44:26,527,5,True,8,Tablet,Tablet,193.62.119.179,205.46.158.242,False
2023-06-08 12:44:26,2285,6,True,103,Desktop,Desktop,172.193.97.70,88.134.202.40,False
2023-04-19 12:44:26,1449,8,True,40,Mobile,Desktop,223.203.50.18,245.96.160.108,False
2023-03-12 12:44:26,2905,7,False,16,Desktop,Mobile,188.184.105.171,143.27.169.45,False
2022-08-21 12:44:26,758,4,False,85,Desktop,Desktop,51.2.231.124,131.189.123.209,False
2023-02-20 12:44:26,497,9,False,39,Mobile,Tablet,236.10.35.222,84.152.186.19,False
2023-07-29 12:44:26,2473,4,False,28,Desktop,Tablet,175.94.13.17,18.180.123.161,False
2023-01-23 12:44:26,1833,3,True,91,Desktop,Tablet,104.195.49.121,188.241.240.211,True
2022-09-29 12:44:26,1057,3,True,107,Desktop,Desktop,160.177.36.123,215.130.190.85,False
2022-08-29 12:44:26,3391,3,True,16,Desktop,Mobile,24.9.117.3,60.207.67.247,False
2023-06-06 12:44:26,2291,9,False,22,Tablet,Mobile,49.52.106.217,227.230.153.183,False
2022-11-17 12:44:26,88,2,False,17,Mobile,Mobile,106.215.49.70,124.249.205.64,False
2023-01-03 12:44:26,2273,8,False,80,Desktop,Mobile,56.117.100.203,65.50.176.34,False
2022-12-07 12:44:26,1016,0,False,42,Tablet,Desktop,140.56.112.193,179.163.38.146,False
2023-01-03 12:44:26,997,0,True,9,Tablet,Tablet,224.108.18.213,73.91.73.226,False
2023-05-13 12:44:26,1014,3,False,40,Desktop,Tablet,84.16.45.194,251.116.203.206,False
2022-08-27 12:44:26,255,6,True,34,Desktop,Mobile,226.75.248.140,15.123.96.127,False
2023-07-10 12:44:26,2643,2,False,90,Mobile,Desktop,43.15.120.220,246.122.133.7,False
2022-10-05 12:44:26,1816,8,True,108,Tablet,Mobile,213.38.119.169,14.68.222.57,True
2022-12-18 12:44:26,2517,4,True,93,Tablet,Desktop,209.18.145.6,94.156.90.44,True
2023-01-13 12:44:26,3419,4,False,5,Mobile,Mobile,121.221.90.198,192.216.227.235,False
2022-09-02 12:44:26,3576,5,True,70,Desktop,Tablet,101.201.52.236,178.199.160.174,True
2023-01-07 12:44:26,2745,2,True,72,Desktop,Mobile,175.178.142.208,218.239.218.144,False
2023-01-20 12:44:26,3215,8,True,29,Mobile,Mobile,179.27.151.59,180.87.99.240,False
2022-11-13 12:44:26,205,7,False,103,Mobile,Mobile,60.100.119.168,151.222.137.239,False
2023-05-02 12:44:26,2207,4,True,84,Tablet,Mobile,240.125.145.221,186.150.86.137,True
2023-07-04 12:44:26,818,2,False,71,Mobile,Mobile,160.151.227.152,45.198.76.15,False
2023-06-10 12:44:26,2460,10,False,35,Desktop,Desktop,131.25.1.62,67.178.219.117,False
2023-03-01 12:44:26,793,6,False,62,Desktop,Tablet,255.150.201.116,9.64.93.232,False
2022-09-25 12:44:26,599,5,True,35,Tablet,Desktop,206.138.48.159,98.96.31.247,False
2023-04-03 12:44:26,1704,2,True,15,Tablet,Tablet,175.196.50.110,103.135.53.70,False
2023-03-01 12:44:26,2674,10,True,76,Mobile,Tablet,94.168.158.254,217.199.225.243,True
2023-01-26 12:44:26,2093,1,True,11,Mobile,Desktop,18.8.252.68,199.208.162.101,False
2023-01-01 12:44:26,717,4,False,23,Tablet,Desktop,168.160.237.180,39.57.231.14,False
2023-03-28 12:44:26,1932,0,True,2,Desktop,Desktop,142.2.39.216,111.90.8.38,False
2023-02-19 12:44:26,332,4,False,21,Desktop,Tablet,90.94.100.50,249.152.219.74,False
2023-06-22 12:44:26,2557,0,True,61,Tablet,Tablet,173.77.45.25,131.250.209.84,False
2023-02-26 12:44:26,328,7,True,41,Mobile,Mobile,13.162.39.77,178.106.31.243,False
2023-03-21 12:44:26,2715,3,True,23,Desktop,Mobile,152.125.136.100,254.93.12.28,False
2023-01-03 12:44:26,352,7,True,10,Tablet,Desktop,30.131.202.199,235.174.18.83,False
2022-09-16 12:44:26,1044,10,True,113,Tablet,Tablet,60.84.209.1,181.93.121.138,False
2023-03-17 12:44:26,944,8,False,35,Tablet,Mobile,32.14.18.77,169.89.242.160,False
2023-02-10 12:44:26,496,4,False,63,Desktop,Tablet,209.17.35.47,62.186.138.83,False
2022-10-25 12:44:26,3022,0,False,76,Desktop,Tablet,114.52.245.240,118.124.175.17,False
2022-11-10 12:44:26,2809,10,False,2,Desktop,Desktop,252.129.136.235,212.192.142.58,False
2023-02-06 12:44:26,71,10,True,5,Mobile,Desktop,129.236.87.83,109.234.116.180,False
2023-05-02 12:44:26,519,7,True,19,Desktop,Desktop,81.240.108.116,220.149.1.84,False
2023-02-19 12:44:26,2503,7,True,81,Desktop,Tablet,228.55.244.115,108.197.90.46,True
2022-10-11 12:44:26,2113,2,True,67,Mobile,Mobile,203.108.23.99,255.50.120.93,False
2023-01-23 12:44:26,1839,1,True,9,Desktop,Mobile,124.196.50.128,20.45.195.125,False
2022-08-09 12:44:26,1995,0,True,11,Mobile,Desktop,241.216.207.210,250.123.210.175,False
2023-01-30 12:44:26,3126,5,True,120,Desktop,Desktop,170.244.51.193,181.51.44.121,False
2022-10-19 12:44:26,967,1,True,53,Tablet,Desktop,65.189.183.24,159.85.99.77,False
2023-03-02 12:44:26,1429,2,True,40,Mobile,Desktop,4.3.44.174,162.128.173.133,False
2023-02-26 12:44:26,3577,2,True,82,Mobile,Desktop,113.128.222.63,245.123.197.207,False
2023-03-13 12:44:26,2231,6,True,76,Desktop,Tablet,104.175.175.23,51.96.26.52,True
2022-11-30 12:44:26,322,8,True,105,Tablet,Mobile,144.188.194.141,120.150.236.75,False
2023-04-02 12:44:26,550,6,True,36,Tablet,Desktop,30.66.195.2,15.77.76.61,False
2023-04-13 12:44:26,3463,9,True,63,Mobile,Desktop,179.30.202.211,31.210.109.74,True
2023-04-19 12:44:26,3358,8,True,61,Tablet,Desktop,35.19.17.30,175.37.60.238,True
2023-04-19 12:44:26,1000,2,True,43,Mobile,Desktop,165.113.47.226,230.242.45.212,False
2022-10-26 12:44:26,84,7,True,88,Tablet,Tablet,50.62.168.250,36.12.78.74,False
2023-07-06 12:44:26,286,9,True,4,Mobile,Tablet,233.69.44.90,243.44.134.187,False
2022-08-28 12:44:26,2636,5,True,111,Tablet,Desktop,109.60.112.109,78.173.157.71,True
2023-03-02 12:44:26,3047,7,True,87,Mobile,Tablet,255.56.94.67,203.198.108.192,True
2022-09-14 12:44:26,2258,9,True,34,Tablet,Desktop,184.123.104.150,144.53.39.51,True
2023-01-16 12:44:26,3245,3,True,18,Mobile,Mobile,176.196.7.231,10.155.253.171,False
2022-08-26 12:44:26,3481,8,True,38,Desktop,Desktop,71.243.133.116,56.88.136.176,False
2022-08-08 12:44:26,2945,4,False,98,Desktop,Desktop,237.45.127.227,81.48.173.15,False
2022-08-12 12:44:26,2995,0,True,19,Tablet,Desktop,250.40.44.220,234.92.64.199,False
2022-10-12 12:44:26,2966,5,True,33,Tablet,Mobile,60.32.198.16,236.62.243.244,True
2022-12-03 12:44:26,137,4,True,107,Desktop,Mobile,68.195.108.13,94.9.157.123,False
2023-05-18 12:44:26,1128,2,False,108,Desktop,Tablet,229.126.56.118,181.127.64.127,False
2022-12-21 12:44:26,2436,1,True,36,Mobile,Desktop,120.252.218.38,35.215.42.172,False
2023-06-19 12:44:26,157,0,False,70,Desktop,Mobile,55.108.213.49,10.253.143.246,False
2022-10-08 12:44:26,221,2,True,62,Mobile,Mobile,118.5.211.249,207.121.73.218,False
2022-12-23 12:44:26,2813,0,True,89,Tablet,Mobile,4.64.214.223,191.208.51.201,False
2022-11-08 12:44:26,2442,3,True,15,Desktop,Tablet,143.25.34.33,124.67.117.100,False
2023-01-03 12:44:26,1583,7,True,72,Mobile,Tablet,6.207.158.163,191.219.215.168,False
2023-04-12 12:44:26,1053,5,True,93,Tablet,Desktop,64.59.139.41,250.242.83.228,False
2022-11-02 12:44:26,2018,0,True,18,Tablet,Mobile,108.66.210.246,22.143.201.41,False
2022-11-03 12:44:26,1536,3,True,44,Mobile,Mobile,118.230.42.127,59.141.117.196,False
2022-10-22 12:44:26,3465,8,True,38,Tablet,Tablet,23.205.54.58,220.253.145.196,False
2023-07-27 12:44:26,3482,10,True,22,Desktop,Mobile,162.185.94.207,25.36.234.14,False
2023-04-12 12:44:26,3268,3,True,106,Mobile,Tablet,177.60.64.227,26.249.73.3,True
2022-09-16 12:44:26,909,8,True,50,Mobile,Tablet,246.128.170.209,143.32.62.232,False
2023-03-13 12:44:26,320,10,False,19,Tablet,Mobile,60.90.115.13,110.195.146.34,False
2022-09-25 12:44:26,199,1,True,13,Tablet,Tablet,178.180.241.67,128.72.81.165,False
2022-11-24 12:44:26,725,0,True,67,Mobile,Tablet,207.243.67.102,70.140.178.135,False
2023-04-14 12:44:26,765,3,False,103,Desktop,Desktop,141.157.66.111,237.89.19.145,False
2022-10-16 12:44:26,1003,6,True,60,Desktop,Mobile,237.156.50.28,196.58.224.152,False
2023-04-14 12:44:26,429,5,True,61,Mobile,Desktop,33.217.137.232,43.77.88.185,False
2023-07-17 12:44:26,2433,6,True,26,Mobile,Mobile,37.175.224.95,100.186.16.200,False
2022-11-10 12:44:26,2048,8,True,28,Desktop,Tablet,113.249.20.89,78.188.36.86,False
2023-05-25 12:44:26,1191,7,True,72,Mobile,Tablet,38.62.148.148,201.168.129.120,False
2023-05-03 12:44:26,871,1,True,43,Tablet,Mobile,104.78.119.65,91.216.50.133,False
2023-07-25 12:44:26,437,1,False,113,Desktop,Tablet,216.200.195.81,116.106.218.74,False
2022-10-17 12:44:26,1280,0,True,119,Mobile,Tablet,253.203.45.119,228.149.149.213,False
2022-09-04 12:44:26,1292,3,True,94,Tablet,Desktop,194.134.58.250,180.248.68.30,False
2023-06-07 12:44:26,264,8,True,26,Tablet,Tablet,2.165.204.231,231.157.217.35,False
2022-12-18 12:44:26,1380,3,True,87,Tablet,Desktop,251.196.237.1,75.101.177.92,False
2023-07-09 12:44:26,1187,8,True,2,Desktop,Mobile,218.171.38.151,69.30.161.59,False
2023-01-04 12:44:26,542,9,True,104,Mobile,Mobile,41.200.29.21,173.182.105.188,False
2023-07-19 12:44:26,819,6,True,101,Tablet,Desktop,214.174.167.241,29.193.148.154,False
2022-10-02 12:44:26,2080,3,True,41,Desktop,Desktop,199.22.201.154,199.6.94.14,False
2023-02-26 12:44:26,3337,2,True,116,Tablet,Desktop,181.70.98.42,49.171.241.92,False
2022-12-01 12:44:26,3293,4,False,51,Desktop,Tablet,224.28.22.23,227.169.192.159,False
2023-06-13 12:44:26,264,6,False,98,Tablet,Desktop,197.236.148.251,49.98.198.71,False
2023-01-21 12:44:26,2066,6,True,92,Desktop,Tablet,161.181.101.191,151.1.29.199,True
2023-01-09 12:44:26,1755,5,True,3,Mobile,Desktop,130.184.14.218,57.23.133.41,False
2022-11-27 12:44:26,3193,2,True,110,Mobile,Desktop,58.159.115.230,132.30.150.179,False
2023-08-03 12:44:26,1026,2,True,30,Tablet,Mobile,157.62.183.10,138.126.170.126,False
2023-01-24 12:44:26,232,0,True,41,Tablet,Tablet,75.209.227.132,52.224.243.17,False
2023-02-05 12:44:26,3234,3,True,114,Desktop,Desktop,122.191.197.14,255.133.150.196,False
2023-06-06 12:44:26,1627,7,True,82,Tablet,Desktop,195.163.246.91,173.164.253.202,False
2023-04-26 12:44:26,2807,3,True,51,Tablet,Desktop,228.80.21.239,225.145.110.66,True
2022-11-21 12:44:26,2321,9,True,110,Tablet,Desktop,214.43.103.208,117.97.220.97,True
2022-11-15 12:44:26,2512,1,False,14,Mobile,Tablet,145.98.92.215,28.187.214.196,False
2023-06-05 12:44:26,3319,1,True,94,Tablet,Desktop,239.140.22.85,95.20.230.130,False
2023-02-22 12:44:26,879,2,True,112,Tablet,Mobile,21.128.230.137,63.54.32.240,False
2023-02-24 12:44:26,2422,1,False,34,Tablet,Desktop,70.234.98.87,208.249.48.38,False
2023-05-19 12:44:26,1252,7,True,87,Tablet,Desktop,248.11.80.170,45.250.203.4,False
2022-11-12 12:44:26,3250,3,True,84,Desktop,Tablet,102.92.111.40,136.79.243.238,True
2022-10-10 12:44:26,138,8,True,15,Mobile,Mobile,74.78.255.5,98.166.36.179,False
2023-04-03 12:44:26,795,3,True,36,Mobile,Desktop,98.195.244.231,68.212.108.190,False
2023-06-02 12:44:26,1141,0,False,8,Mobile,Tablet,82.160.174.7,1.206.52.128,False
2022-11-18 12:44:26,1372,4,True,111,Mobile,Desktop,60.18.186.248,226.119.37.1,False
2022-12-15 12:44:26,2867,2,False,51,Mobile,Desktop,195.225.40.95,13.197.55.188,False
2023-05-28 12:44:26,703,3,True,87,Mobile,Tablet,209.188.219.177,239.108.8.197,False
2023-01-12 12:44:26,3295,10,True,86,Mobile,Tablet,152.4.2.15,108.62.34.240,True
2023-05-11 12:44:26,1899,1,True,61,Mobile,Tablet,48.221.17.198,136.95.12.19,False
2022-11-24 12:44:26,1313,10,True,18,Tablet,Tablet,231.7.35.146,195.57.193.253,False
2022-08-15 12:44:26,797,7,False,86,Mobile,Tablet,121.121.21.28,66.235.175.50,False
2023-07-21 12:44:26,2024,6,True,118,Desktop,Mobile,247.12.93.27,10.169.167.108,True
2023-04-05 12:44:26,1677,0,True,63,Desktop,Mobile,185.96.226.25,54.147.242.187,False
2023-05-24 12:44:26,1765,4,True,45,Tablet,Mobile,247.239.85.5,101.195.73.164,False
2023-01-03 12:44:26,2685,5,True,83,Tablet,Tablet,86.228.232.212,14.176.191.25,False
2022-10-19 12:44:26,1379,3,True,27,Tablet,Desktop,103.130.162.4,66.155.83.84,False
2022-12-29 12:44:26,3433,5,True,85,Mobile,Tablet,140.250.144.77,46.127.13.3,True
2022-10-14 12:44:26,3428,3,False,33,Desktop,Mobile,43.124.238.22,129.166.25.131,False
2023-02-10 12:44:26,2506,10,False,84,Tablet,Mobile,198.15.23.203,83.179.47.152,False
2023-04-26 12:44:26,1749,2,True,21,Desktop,Desktop,235.154.253.160,31.229.41.90,False
2023-04-21 12:44:26,1579,10,True,110,Mobile,Tablet,14.193.151.87,10.12.210.191,False
2023-05-08 12:44:26,1937,10,False,71,Tablet,Desktop,220.69.48.111,95.11.19.4,False
2023-07-09 12:44:26,735,6,True,35,Mobile,Mobile,101.197.206.246,243.59.11.223,False
2023-02-02 12:44:26,1677,6,False,21,Tablet,Mobile,13.26.192.214,117.215.46.87,False
2023-02-01 12:44:26,789,3,True,51,Desktop,Desktop,142.99.232.171,186.28.222.67,False
2023-05-01 12:44:26,1085,2,True,2,Mobile,Desktop,44.138.239.120,196.131.51.7,False
2023-06-11 12:44:26,920,3,True,43,Mobile,Desktop,116.115.196.3,87.202.105.156,False
2023-07-18 12:44:26,2532,10,False,31,Tablet,Mobile,237.20.96.65,216.131.114.15,False
2023-04-27 12:44:26,673,3,True,25,Tablet,Desktop,54.81.127.129,192.89.62.113,False
2023-01-16 12:44:26,603,2,True,12,Tablet,Mobile,78.236.130.196,25.167.67.88,False
2023-03-04 12:44:26,1556,0,False,85,Desktop,Desktop,41.155.145.58,150.206.3.234,False
2023-04-01 12:44:26,97,2,True,76,Mobile,Desktop,235.214.237.141,212.76.235.135,False
2023-02-08 12:44:26,3371,3,False,90,Tablet,Desktop,178.210.87.243,17.32.97.247,False
2023-04-22 12:44:26,3302,0,True,109,Desktop,Tablet,60.2.243.2,177.119.51.154,False
2022-10-02 12:44:26,1053,6,True,13,Desktop,Mobile,212.170.187.33,7.252.34.254,False
2022-08-20 12:44:26,1296,3,True,22,Desktop,Tablet,62.39.135.177,190.30.9.23,False
2022-09-07 12:44:26,2168,3,False,90,Mobile,Desktop,216.250.204.83,134.217.255.183,False
2023-01-09 12:44:26,608,0,False,14,Desktop,Tablet,182.53.247.73,88.93.55.91,False
2023-04-24 12:44:26,2713,9,True,4,Tablet,Tablet,74.135.191.117,43.14.37.106,False
2023-03-25 12:44:26,1495,3,False,13,Desktop,Tablet,82.55.156.119,100.5.7.28,False
2022-11-13 12:44:26,1867,9,False,98,Tablet,Mobile,78.141.125.243,2.163.17.42,False
2022-09-03 12:44:26,3161,5,False,103,Desktop,Desktop,244.233.41.32,128.164.67.254,False
2023-07-18 12:44:26,419,2,True,72,Desktop,Mobile,94.55.94.153,144.232.255.176,False
2023-02-21 12:44:26,3134,1,True,51,Tablet,Tablet,162.251.237.104,31.4.99.209,False
2023-03-04 12:44:26,1922,0,True,69,Mobile,Desktop,53.205.209.26,251.151.147.98,False
2023-07-03 12:44:26,2482,3,False,11,Tablet,Mobile,60.8.193.82,23.85.243.118,False
2022-12-27 12:44:26,1948,5,True,31,Desktop,Desktop,206.11.144.40,125.67.198.160,False
2023-06-01 12:44:26,2999,2,True,20,Desktop,Mobile,213.105.52.50,10.152.210.60,False
2023-05-04 12:44:26,2244,6,False,56,Mobile,Tablet,18.95.102.182,224.248.48.210,False
2022-12-25 12:44:26,2290,2,False,114,Tablet,Mobile,165.70.43.154,21.48.160.101,False
2022-09-18 12:44:26,1545,7,False,60,Tablet,Desktop,134.201.190.64,154.109.113.86,False
2022-12-26 12:44:26,462,5,True,37,Mobile,Tablet,192.18.188.106,18.216.50.16,False
2023-05-17 12:44:26,2855,1,False,95,Tablet,Mobile,198.61.81.171,91.59.62.21,False
2022-09-21 12:44:26,3160,1,True,10,Tablet,Mobile,162.211.50.247,190.71.166.4,False
2023-02-01 12:44:26,3470,4,False,20,Mobile,Tablet,188.138.140.81,163.157.124.239,False
2023-07-17 12:44:26,3197,0,True,95,Mobile,Mobile,199.229.176.198,130.126.16.160,False
2023-04-24 12:44:26,736,5,False,63,Mobile,Desktop,136.95.146.217,187.150.24.71,False
2023-02-20 12:44:26,1016,6,True,16,Tablet,Desktop,145.184.140.161,44.84.119.235,False
2023-07-06 12:44:26,938,10,True,68,Tablet,Tablet,188.165.98.27,78.39.170.109,False
2022-08-19 12:44:26,3192,8,True,107,Desktop,Tablet,199.99.133.131,111.221.164.167,True
2023-01-03 12:44:26,1650,0,True,47,Desktop,Tablet,202.116.225.16,2.255.168.42,False
2023-01-26 12:44:26,996,5,True,87,Desktop,Desktop,161.195.99.192,60.98.195.133,False
2023-07-01 12:44:26,3499,10,False,48,Tablet,Mobile,100.94.153.81,137.129.194.206,False
2023-04-06 12:44:26,936,0,True,66,Mobile,Mobile,110.53.114.177,10.169.69.186,False
2023-04-29 12:44:26,1703,7,True,99,Tablet,Mobile,246.171.124.146,80.10.57.127,False
2022-09-17 12:44:26,3176,3,False,69,Tablet,Desktop,222.89.187.237,162.122.46.224,False
2023-02-12 12:44:26,3153,9,True,83,Tablet,Desktop,243.18.83.148,71.49.10.24,True
2022-11-06 12:44:26,880,5,True,91,Mobile,Mobile,12.116.141.170,214.236.18.112,False
2022-08-16 12:44:26,3566,0,True,9,Tablet,Mobile,16.182.231.95,163.77.237.54,False
2022-12-09 12:44:26,1759,8,True,40,Mobile,Desktop,37.6.238.223,45.82.40.221,False
2023-04-06 12:44:26,3552,1,True,7,Mobile,Desktop,22.214.183.35,160.136.26.115,False
2022-12-12 12:44:26,833,8,True,66,Tablet,Desktop,48.110.149.218,179.27.85.240,False
2023-01-11 12:44:26,467,10,True,10,Tablet,Tablet,252.236.84.157,138.178.27.16,False
2022-10-15 12:44:26,3291,3,True,9,Mobile,Tablet,149.214.210.150,149.157.65.20,False
2023-01-28 12:44:26,2918,6,False,25,Tablet,Desktop,75.192.195.174,197.125.67.253,False
2022-10-12 12:44:26,2292,3,True,17,Desktop,Desktop,20.38.80.19,69.190.151.113,False
2023-04-17 12:44:26,2279,9,False,68,Mobile,Mobile,46.43.123.18,93.17.37.167,False
2022-09-15 12:44:26,941,7,False,111,Desktop,Mobile,179.211.21.32,120.157.186.166,False
2023-07-18 12:44:26,3258,10,True,96,Tablet,Tablet,252.105.255.168,50.255.52.208,False
2023-07-16 12:44:26,1638,4,True,63,Mobile,Mobile,76.23.230.154,29.89.198.247,False
2022-11-16 12:44:26,1153,10,False,53,Mobile,Tablet,167.70.195.190,75.244.57.73,False
2022-08-27 12:44:26,451,3,True,75,Mobile,Desktop,185.90.188.117,79.250.155.41,False
2022-12-20 12:44:26,173,0,False,118,Desktop,Desktop,156.124.186.27,111.220.167.206,False
2023-05-18 12:44:26,3239,7,False,29,Tablet,Tablet,59.142.107.241,200.136.74.55,False
2023-02-11 12:44:26,955,5,True,98,Desktop,Tablet,159.97.9.57,3.238.187.222,False
2023-07-22 12:44:26,1855,10,True,55,Mobile,Desktop,192.35.153.5,203.80.77.172,True
2023-04-29 12:44:26,3403,10,True,10,Desktop,Desktop,83.127.211.173,115.56.115.27,False
2022-12-08 12:44:26,1839,10,True,112,Mobile,Desktop,135.219.187.108,112.21.36.169,True
2022-10-17 12:44:26,3407,0,True,75,Desktop,Mobile,229.115.80.237,48.99.74.171,False
2022-09-20 12:44:26,531,0,False,97,Mobile,Desktop,178.232.46.133,26.70.12.136,False
2023-07-18 12:44:26,220,7,True,18,Mobile,Tablet,170.152.51.70,211.169.193.205,False
2022-10-10 12:44:26,2596,8,True,46,Mobile,Mobile,251.15.41.247,14.203.183.217,False
2023-04-06 12:44:26,1259,4,False,36,Tablet,Desktop,133.26.237.168,30.244.248.11,False
2023-02-19 12:44:26,3424,2,False,36,Desktop,Desktop,38.80.125.161,146.83.67.5,False
2023-03-22 12:44:26,2305,1,False,41,Tablet,Mobile,32.67.203.109,177.21.69.83,False
2023-05-16 12:44:26,919,8,True,53,Tablet,Desktop,160.95.46.89,121.214.237.236,False
2023-02-10 12:44:26,1134,6,True,85,Tablet,Mobile,204.70.16.71,193.252.220.130,False
2022-08-14 12:44:26,2730,4,False,48,Mobile,Mobile,49.39.27.35,90.52.139.91,False
2022-10-16 12:44:26,254,2,False,29,Mobile,Mobile,205.193.37.126,17.59.249.21,False
2023-03-15 12:44:26,124,7,True,70,Desktop,Mobile,15.245.71.240,114.252.131.224,False
2022-12-30 12:44:26,1742,6,True,83,Mobile,Tablet,234.81.251.141,61.254.77.218,False
2023-07-20 12:44:26,477,2,True,109,Desktop,Tablet,180.248.238.37,99.243.188.32,False
2022-10-02 12:44:26,1177,8,False,91,Mobile,Desktop,222.108.12.101,134.245.195.33,False
2023-06-12 12:44:26,942,3,True,43,Tablet,Tablet,245.123.209.238,221.205.47.73,False
2023-07-28 12:44:26,1399,6,False,72,Desktop,Desktop,56.9.66.217,176.131.139.154,False
2023-05-06 12:44:26,1435,4,True,44,Tablet,Tablet,119.2.50.129,99.120.151.125,False
2022-12-27 12:44:26,3309,4,True,15,Desktop,Desktop,237.1.130.26,181.94.192.141,False
2023-07-07 12:44:26,441,1,False,31,Mobile,Tablet,217.122.251.196,8.175.107.129,False
2023-03-29 12:44:26,2344,2,False,111,Desktop,Desktop,22.245.175.188,95.117.173.161,False
2023-05-20 12:44:26,2814,6,True,33,Mobile,Desktop,48.137.67.100,206.55.32.100,True
2023-05-31 12:44:26,1443,7,False,71,Mobile,Mobile,123.245.100.65,196.238.178.80,False
2023-05-07 12:44:26,823,9,True,91,Tablet,Tablet,144.85.1.253,190.152.32.51,False
2023-05-07 12:44:26,3309,10,False,45,Desktop,Mobile,36.226.56.69,104.65.248.46,False
2022-08-09 12:44:26,2712,4,True,92,Desktop,Tablet,217.16.252.129,66.100.152.154,True
2022-10-19 12:44:26,1374,8,True,44,Mobile,Tablet,161.167.78.245,242.178.30.66,False
2022-11-16 12:44:26,2615,0,True,45,Desktop,Mobile,133.142.226.241,207.197.86.240,False
2023-04-11 12:44:26,83,8,False,74,Tablet,Desktop,95.54.255.183,250.15.38.13,False
2023-07-20 12:44:26,293,8,True,73,Tablet,Mobile,122.87.71.68,204.217.55.9,False
2022-10-08 12:44:26,1313,4,False,116,Mobile,Mobile,142.135.65.193,226.154.81.138,False
2023-06-04 12:44:26,2803,2,False,29,Desktop,Desktop,242.163.109.217,40.250.130.63,False
2022-08-25 12:44:26,949,1,False,11,Desktop,Desktop,79.67.80.202,196.104.215.238,False
2023-05-08 12:44:26,3521,6,False,83,Tablet,Desktop,52.241.51.35,107.166.5.138,False
2022-09-27 12:44:26,1226,8,True,91,Tablet,Tablet,49.3.54.239,191.21.109.151,False
2023-03-16 12:44:26,1637,0,True,85,Desktop,Mobile,230.244.89.171,145.67.125.141,False
2023-08-04 12:44:26,3252,7,True,70,Desktop,Desktop,252.204.68.179,140.40.38.139,False
2022-09-23 12:44:26,2737,4,True,59,Tablet,Tablet,50.246.245.159,20.185.9.195,False
2023-02-09 12:44:26,3260,2,True,9,Tablet,Tablet,234.59.106.228,88.26.16.105,False
2023-07-05 12:44:26,2277,7,True,2,Tablet,Mobile,67.55.242.187,102.141.74.162,False
2023-01-01 12:44:26,83,5,True,15,Desktop,Desktop,70.244.220.148,179.126.61.147,False
2023-07-13 12:44:26,3356,0,False,94,Mobile,Desktop,226.107.119.49,129.186.227.102,False
2022-08-17 12:44:26,2419,0,True,61,Desktop,Tablet,210.182.17.93,51.201.160.103,False
2023-05-08 12:44:26,2149,6,False,60,Tablet,Mobile,58.118.120.185,169.153.70.49,False
2023-04-13 12:44:26,2762,10,False,49,Tablet,Desktop,177.143.8.112,153.210.231.208,False
2023-05-09 12:44:26,2101,1,False,36,Mobile,Desktop,28.91.92.14,117.149.31.244,False
2023-03-25 12:44:26,1902,0,True,96,Mobile,Mobile,90.6.173.49,103.48.31.233,False
2023-05-10 12:44:26,154,2,False,117,Mobile,Mobile,247.172.75.212,162.9.181.175,False
2022-09-24 12:44:26,1882,10,True,6,Mobile,Mobile,151.101.105.98,175.99.49.251,False
2022-10-22 12:44:26,2710,10,True,78,Desktop,Desktop,39.148.68.10,232.193.162.13,False
2023-07-08 12:44:26,1557,3,False,43,Mobile,Mobile,138.159.111.233,197.32.170.156,False
2022-08-27 12:44:26,1157,0,True,79,Tablet,Tablet,172.166.39.60,208.204.119.177,False
2022-08-08 12:44:26,2697,0,False,79,Desktop,Mobile,29.228.105.172,36.189.239.219,False
2022-08-06 12:44:26,1563,10,True,11,Tablet,Tablet,80.30.247.112,40.198.252.130,False
2023-04-20 12:44:26,2117,8,True,3,Mobile,Tablet,252.102.216.216,136.116.5.150,False
2022-09-26 12:44:26,865,5,False,27,Desktop,Desktop,19.77.161.231,194.252.243.211,False
2023-02-09 12:44:26,1146,0,True,65,Desktop,Mobile,169.175.48.128,4.103.60.50,False
2022-08-20 12:44:26,1269,4,True,41,Mobile,Tablet,79.164.185.106,20.11.164.170,False
2023-04-10 12:44:26,1853,0,False,119,Mobile,Tablet,21.95.54.209,162.24.91.46,False
2022-08-13 12:44:26,3168,1,True,87,Desktop,Tablet,189.100.31.17,141.72.147.210,False
2023-03-06 12:44:26,3120,4,True,101,Mobile,Mobile,198.85.243.22,228.187.113.32,False
2023-06-10 12:44:26,878,4,True,18,Desktop,Desktop,46.227.32.68,56.50.200.45,False
2022-09-04 12:44:26,2401,4,False,87,Desktop,Tablet,102.89.51.144,225.69.91.209,False
2023-07-08 12:44:26,815,6,True,24,Tablet,Desktop,220.132.214.82,143.182.144.150,False
2022-10-14 12:44:26,1983,4,True,3,Desktop,Desktop,224.99.110.91,223.218.33.135,False
2023-05-21 12:44:26,254,1,True,107,Desktop,Desktop,106.221.195.48,254.66.24.14,False
2023-04-21 12:44:26,257,10,True,111,Mobile,Desktop,199.214.32.1,151.43.87.144,False
2023-06-15 12:44:26,3306,6,True,114,Tablet,Tablet,85.37.152.165,66.64.209.35,False
2022-12-06 12:44:26,2470,8,True,105,Tablet,Tablet,107.115.219.59,167.76.165.171,False
2023-05-05 12:44:26,1443,0,False,62,Mobile,Desktop,86.181.119.192,40.45.76.244,False
2022-10-06 12:44:26,1516,9,True,54,Mobile,Mobile,17.233.183.147,83.76.35.154,False
2023-05-26 12:44:26,2453,6,True,78,Mobile,Tablet,72.144.124.130,98.204.107.23,True
2022-10-25 12:44:26,1414,7,True,94,Desktop,Mobile,170.212.96.119,226.55.100.173,False
2023-02-26 12:44:26,647,8,True,61,Desktop,Mobile,131.14.206.162,28.190.60.189,False
2023-06-17 12:44:26,2900,9,True,15,Mobile,Desktop,55.196.159.244,238.190.128.102,False
2023-04-22 12:44:26,2288,6,True,96,Mobile,Desktop,90.113.110.178,26.239.174.143,True
2023-02-12 12:44:26,2918,8,True,31,Mobile,Mobile,48.20.218.49,66.196.189.123,False
2022-08-31 12:44:26,3548,7,True,92,Desktop,Tablet,19.250.17.32,154.203.41.54,True
2023-07-15 12:44:26,181,3,True,69,Tablet,Desktop,160.166.67.194,86.225.250.194,False
2023-01-21 12:44:26,2705,4,True,37,Mobile,Desktop,158.222.154.68,115.84.28.156,True
2023-07-13 12:44:26,1925,6,True,55,Desktop,Mobile,20.66.147.193,105.102.134.231,True
2022-10-04 12:44:26,2935,4,True,118,Desktop,Mobile,204.191.102.20,24.13.218.114,True
2022-08-09 12:44:26,2780,9,False,75,Mobile,Mobile,158.17.132.246,141.222.68.132,False
2023-02-13 12:44:26,316,1,True,2,Tablet,Mobile,83.241.77.77,164.99.83.77,False
2023-03-17 12:44:26,371,7,True,87,Desktop,Mobile,164.120.53.207,194.224.18.247,False
2023-05-20 12:44:26,3289,6,True,48,Tablet,Tablet,231.147.82.54,4.245.12.115,False
2022-09-02 12:44:26,2136,0,True,68,Desktop,Desktop,43.214.49.228,56.67.234.8,False
2022-09-30 12:44:26,1232,8,False,18,Tablet,Desktop,207.61.130.102,79.141.250.132,False
2023-04-01 12:44:26,1191,3,False,3,Desktop,Mobile,251.87.155.29,215.245.144.231,False
2022-11-24 12:44:26,2736,8,True,116,Mobile,Tablet,224.109.207.55,125.91.114.126,True
2023-07-31 12:44:26,1075,6,True,37,Desktop,Desktop,200.27.6.126,69.79.246.171,False
2022-11-15 12:44:26,2498,1,True,11,Desktop,Tablet,231.64.52.141,242.232.21.137,False
2023-02-24 12:44:26,881,1,True,116,Desktop,Tablet,52.155.10.166,170.89.55.138,False
2023-03-06 12:44:26,590,2,True,113,Mobile,Desktop,171.229.63.210,195.165.106.54,False
2023-02-06 12:44:26,2492,7,True,22,Tablet,Desktop,105.109.62.228,152.45.33.36,False
2023-02-27 12:44:26,1143,2,False,16,Desktop,Desktop,242.252.186.70,247.140.172.154,False
2023-02-07 12:44:26,1029,8,True,13,Mobile,Desktop,123.66.120.227,207.124.9.142,False
2022-11-23 12:44:26,2367,2,True,85,Tablet,Tablet,124.67.251.229,94.3.10.42,False
2022-10-23 12:44:26,1837,10,False,38,Tablet,Desktop,65.145.19.16,16.66.11.152,False
2023-05-03 12:44:26,1873,10,True,98,Mobile,Tablet,4.74.42.235,50.1.159.69,True
2023-03-12 12:44:26,1445,10,False,82,Desktop,Tablet,104.65.181.165,236.140.99.61,False
2023-02-22 12:44:26,607,7,False,88,Tablet,Tablet,162.244.188.41,61.226.186.100,False
2022-10-14 12:44:26,2235,5,True,87,Desktop,Tablet,45.22.63.214,23.128.200.137,True
2023-04-30 12:44:26,3175,1,False,70,Mobile,Mobile,174.69.69.80,82.165.102.78,False
2023-02-01 12:44:26,725,3,True,36,Mobile,Tablet,169.109.164.91,81.178.252.88,False
2023-02-13 12:44:26,2683,8,True,36,Tablet,Desktop,26.247.100.51,96.129.134.135,True
2023-01-17 12:44:26,79,2,True,47,Desktop,Desktop,70.184.196.10,169.97.57.59,False
2023-01-18 12:44:26,857,10,False,16,Desktop,Tablet,123.12.213.49,181.251.38.131,False
2023-07-19 12:44:26,1129,8,True,2,Mobile,Mobile,51.125.86.225,60.220.206.244,False
2023-08-02 12:44:26,386,7,True,36,Desktop,Mobile,87.3.143.163,240.45.33.141,False
2022-08-22 12:44:26,385,5,False,76,Mobile,Tablet,237.233.148.111,196.150.96.33,False
2022-09-10 12:44:26,266,1,True,119,Tablet,Mobile,236.107.243.104,68.64.5.25,False
2022-08-19 12:44:26,3553,4,True,36,Desktop,Desktop,223.110.210.62,43.83.216.78,False
2023-04-11 12:44:26,1965,9,False,72,Mobile,Desktop,29.245.128.116,161.215.229.73,False
2023-02-23 12:44:26,2152,2,False,43,Tablet,Mobile,206.202.182.18,2.214.186.140,False
2023-03-17 12:44:26,2308,1,True,60,Desktop,Tablet,11.66.144.108,177.68.131.42,False
2022-09-01 12:44:26,159,0,True,110,Desktop,Mobile,26.219.211.84,24.232.163.31,False
2023-05-03 12:44:26,2961,6,True,6,Tablet,Tablet,243.141.254.17,152.53.89.116,False
2023-05-05 12:44:26,1023,1,True,81,Desktop,Desktop,225.61.108.196,113.213.20.186,False
2022-11-06 12:44:26,3547,2,True,98,Tablet,Desktop,153.134.75.124,243.193.235.26,False
2023-04-10 12:44:26,192,9,True,87,Mobile,Mobile,87.233.29.154,202.72.211.117,False
2023-01-24 12:44:26,3067,4,True,60,Desktop,Mobile,13.38.48.221,90.220.208.233,True
2022-11-24 12:44:26,101,0,True,55,Tablet,Mobile,75.158.150.64,170.94.235.35,False
2022-10-06 12:44:26,2988,0,True,94,Mobile,Desktop,208.204.228.106,210.251.209.66,False
2023-07-22 12:44:26,417,6,True,61,Mobile,Desktop,104.222.65.208,248.147.120.189,False
2022-08-26 12:44:26,2933,1,True,9,Desktop,Tablet,183.174.24.98,167.230.255.102,False
2023-04-06 12:44:26,900,5,False,44,Mobile,Mobile,83.110.4.222,159.231.220.13,False
2022-10-22 12:44:26,378,10,False,86,Tablet,Mobile,54.111.193.9,248.253.44.84,False
2023-03-15 12:44:26,3354,3,False,58,Mobile,Tablet,56.76.224.132,19.178.172.93,False
2022-09-29 12:44:26,2015,5,True,98,Mobile,Tablet,202.47.2.207,45.91.230.133,True
2023-05-25 12:44:26,193,7,False,44,Tablet,Tablet,170.206.68.95,180.74.79.70,False
2023-07-27 12:44:26,1714,7,True,13,Desktop,Desktop,153.73.157.114,162.230.155.228,False
2023-03-03 12:44:26,2306,5,True,54,Desktop,Mobile,29.144.186.35,97.61.211.129,True
2023-04-26 12:44:26,3315,10,True,49,Desktop,Desktop,202.233.115.155,112.28.173.179,False
2022-11-13 12:44:26,1118,9,False,118,Tablet,Desktop,248.20.176.136,14.125.37.34,False
2023-05-15 12:44:26,910,9,True,81,Mobile,Tablet,158.250.16.50,182.124.9.83,False
2023-05-24 12:44:26,860,6,True,40,Tablet,Tablet,188.1.208.85,5.195.28.228,False
2022-09-30 12:44:26,3450,1,False,44,Desktop,Mobile,205.159.126.13,20.242.23.248,False
2022-11-25 12:44:26,2779,10,True,63,Mobile,Mobile,143.138.228.74,85.236.236.196,False
2022-10-25 12:44:26,1345,0,True,44,Tablet,Desktop,46.248.176.66,187.42.30.137,False
2022-10-07 12:44:26,455,7,True,18,Mobile,Mobile,135.231.223.76,39.198.195.70,False
2022-10-07 12:44:26,3418,1,True,35,Mobile,Mobile,243.52.61.118,142.173.242.10,False
2023-03-10 12:44:26,977,6,True,10,Mobile,Mobile,175.71.22.203,49.230.11.124,False
2023-01-23 12:44:26,966,5,False,12,Desktop,Tablet,30.78.126.235,84.178.106.190,False
2023-03-02 12:44:26,1306,10,False,97,Mobile,Tablet,182.157.252.162,130.42.159.114,False
2023-08-02 12:44:26,941,5,True,65,Mobile,Mobile,198.42.120.157,147.122.36.101,False
2023-03-06 12:44:26,3051,5,True,119,Tablet,Desktop,138.198.116.24,199.69.192.236,True
2023-07-01 12:44:26,2655,0,False,98,Tablet,Tablet,249.173.230.198,213.249.185.110,False
2022-10-26 12:44:26,740,4,False,74,Tablet,Tablet,13.215.121.157,34.55.93.55,False
2023-05-06 12:44:26,3043,10,False,55,Desktop,Desktop,99.192.88.185,70.100.87.123,False
2023-02-26 12:44:26,2238,4,True,71,Desktop,Desktop,77.64.198.228,130.102.249.52,False
2023-01-24 12:44:26,976,1,True,90,Tablet,Mobile,66.254.63.79,212.243.254.32,False
2022-11-17 12:44:26,635,5,False,15,Tablet,Desktop,192.149.102.227,233.85.132.129,False
2022-12-06 12:44:26,1213,5,False,43,Tablet,Tablet,153.67.205.5,23.14.60.183,False
2022-08-07 12:44:26,518,8,True,11,Mobile,Desktop,136.171.236.49,195.75.132.178,False
2022-09-03 12:44:26,1549,6,True,1,Desktop,Tablet,174.146.214.241,223.224.124.137,False
2022-08-10 12:44:26,635,1,True,54,Desktop,Tablet,192.197.104.54,152.213.69.174,False
2023-07-06 12:44:26,1387,6,True,113,Desktop,Mobile,195.38.34.152,74.40.153.162,False
2023-06-24 12:44:26,237,3,True,99,Mobile,Tablet,229.66.39.54,92.214.142.228,False
2023-01-23 12:44:26,537,9,False,5,Mobile,Mobile,69.87.148.88,177.84.106.49,False
2023-03-01 12:44:26,288,7,True,33,Mobile,Desktop,129.13.27.216,97.1.238.198,False
2023-06-13 12:44:26,1762,6,True,42,Mobile,Tablet,148.238.226.134,24.59.75.226,False
2023-04-18 12:44:26,3266,6,True,87,Tablet,Desktop,149.39.168.209,213.248.197.113,True
2023-07-29 12:44:26,1198,0,True,59,Desktop,Tablet,254.107.124.34,92.151.119.142,False
2023-04-22 12:44:26,175,7,True,103,Tablet,Mobile,220.1.12.81,82.93.212.187,False
2023-04-17 12:44:26,1661,6,True,35,Desktop,Mobile,6.120.63.125,11.221.139.189,False
2022-11-19 12:44:26,525,1,True,11,Desktop,Desktop,212.124.212.183,183.255.86.168,False
2023-07-29 12:44:26,3560,1,True,102,Desktop,Desktop,195.86.83.6,208.40.247.38,False
2022-11-14 12:44:26,1479,8,True,6,Tablet,Mobile,199.158.80.159,76.179.16.246,False
2023-04-17 12:44:26,1453,1,True,26,Desktop,Mobile,100.13.137.179,145.31.45.23,False
2022-09-17 12:44:26,1442,1,False,53,Tablet,Tablet,145.230.252.200,93.26.52.92,False
2022-11-25 12:44:26,1064,8,False,54,Mobile,Mobile,196.197.240.178,183.136.49.192,False
2023-03-01 12:44:26,144,3,False,3,Mobile,Tablet,213.130.69.207,224.171.26.214,False
2023-08-01 12:44:26,1918,3,True,46,Mobile,Tablet,108.253.189.77,52.8.246.117,True
2023-06-16 12:44:26,2643,4,True,68,Desktop,Desktop,133.2.252.241,117.201.79.239,False
2023-05-04 12:44:26,2209,9,True,74,Mobile,Mobile,171.197.162.41,191.77.67.22,False
2023-08-02 12:44:26,363,3,True,18,Mobile,Mobile,132.139.203.83,99.252.60.247,False
2023-07-18 12:44:26,1145,2,True,2,Mobile,Tablet,16.125.81.105,136.9.198.136,False
2023-02-18 12:44:26,936,9,True,54,Mobile,Tablet,114.244.16.215,161.6.28.203,False
2022-08-19 12:44:26,3332,3,False,87,Mobile,Mobile,220.205.68.170,231.123.42.229,False
2022-09-18 12:44:26,2723,3,False,20,Desktop,Mobile,241.17.103.196,138.90.213.195,False
2023-03-23 12:44:26,2712,5,True,12,Desktop,Mobile,18.232.129.180,115.229.243.53,False
2022-08-22 12:44:26,1678,2,True,90,Desktop,Mobile,193.189.39.131,105.127.56.93,False
2022-09-03 12:44:26,2796,1,False,72,Tablet,Desktop,46.114.176.37,81.148.31.234,False
2023-05-01 12:44:26,3323,2,True,91,Desktop,Mobile,211.22.128.237,78.76.217.185,False
2023-03-14 12:44:26,992,4,True,59,Mobile,Tablet,62.104.179.64,217.68.77.89,False
2022-12-20 12:44:26,2516,9,True,21,Mobile,Desktop,248.238.67.107,93.155.102.115,False
2023-01-13 12:44:26,1550,8,False,66,Desktop,Tablet,161.79.243.185,104.38.174.238,False
2022-08-13 12:44:26,2906,10,True,117,Desktop,Desktop,163.118.137.87,208.241.248.152,False
2023-05-16 12:44:26,1231,1,True,66,Mobile,Desktop,105.163.75.69,254.35.202.24,False
2023-03-04 12:44:26,275,8,True,8,Mobile,Tablet,244.152.76.224,82.240.7.44,False
2022-08-26 12:44:26,3114,2,True,5,Desktop,Desktop,236.223.254.55,232.243.192.8,False
2022-10-31 12:44:26,3201,8,False,38,Mobile,Tablet,125.32.189.23,119.13.25.151,False
2022-09-30 12:44:26,328,6,True,10,Mobile,Desktop,242.61.147.45,73.134.240.180,False
2023-05-25 12:44:26,2061,7,False,113,Desktop,Desktop,237.230.11.7,197.86.152.34,False
2022-12-13 12:44:26,2871,6,False,23,Mobile,Tablet,247.215.208.134,119.118.75.156,False
2023-05-30 12:44:26,2072,10,True,29,Tablet,Desktop,95.147.239.89,229.144.87.240,False
2023-04-16 12:44:26,2459,0,False,19,Mobile,Tablet,73.78.30.252,222.160.20.199,False
2023-02-13 12:44:26,970,5,True,20,Desktop,Desktop,179.136.234.75,180.111.75.169,False
2023-07-11 12:44:26,3130,2,True,101,Desktop,Mobile,50.252.55.153,8.177.72.83,False
2023-03-19 12:44:26,1354,9,True,56,Mobile,Tablet,89.148.97.40,170.76.195.103,False
2023-06-15 12:44:26,1576,9,True,113,Tablet,Desktop,213.222.39.119,51.254.74.166,False
2022-09-17 12:44:26,2681,7,True,32,Desktop,Tablet,116.218.20.149,201.136.97.36,True
2022-11-11 12:44:26,1213,5,True,35,Tablet,Desktop,2.213.98.149,7.168.173.144,False
2023-02-20 12:44:26,2010,1,True,40,Desktop,Desktop,249.11.118.109,7.182.87.109,False
2022-12-08 12:44:26,3233,2,True,98,Mobile,Tablet,20.94.249.119,224.37.37.239,False
2023-01-29 12:44:26,333,6,False,105,Desktop,Tablet,3.129.15.47,81.218.228.94,False
2023-07-14 12:44:26,1870,4,False,105,Desktop,Tablet,232.170.180.212,29.244.215.6,False
2022-08-16 12:44:26,890,8,True,93,Tablet,Desktop,202.204.163.226,174.65.115.221,False
2023-06-22 12:44:26,3318,10,True,29,Tablet,Desktop,252.10.105.194,61.191.198.59,False
2022-08-11 12:44:26,2706,0,True,71,Tablet,Desktop,60.60.94.166,75.161.79.77,False
2023-07-04 12:44:26,2391,7,True,15,Mobile,Tablet,103.217.31.188,77.138.236.54,False
2023-02-04 12:44:26,2168,7,True,52,Mobile,Mobile,219.247.80.102,165.19.249.155,False
2022-08-15 12:44:26,2552,10,False,7,Mobile,Mobile,54.13.248.71,23.186.17.251,False
2023-06-26 12:44:26,2543,1,False,84,Tablet,Tablet,66.131.182.68,241.46.22.102,False
2022-09-29 12:44:26,1274,9,True,3,Mobile,Desktop,188.178.46.33,28.51.14.82,False
2022-12-16 12:44:26,2373,1,False,8,Mobile,Tablet,24.32.82.43,124.222.234.115,False
2022-09-12 12:44:26,1781,5,True,57,Tablet,Mobile,80.193.203.28,29.193.140.4,False
2022-12-19 12:44:26,3149,2,True,117,Desktop,Mobile,36.119.63.87,161.88.145.244,False
2023-01-05 12:44:26,3310,8,True,74,Desktop,Desktop,67.211.56.217,208.28.251.248,False
2023-02-18 12:44:26,954,6,True,7,Mobile,Tablet,230.192.83.58,127.82.115.212,False
2023-01-21 12:44:26,1229,5,False,66,Desktop,Desktop,39.185.102.215,126.212.10.157,False
2023-06-16 12:44:26,2001,4,True,87,Tablet,Mobile,242.221.134.100,245.77.179.67,True
2023-06-02 12:44:26,1397,5,False,18,Tablet,Mobile,105.39.69.113,57.148.14.135,False
2023-01-01 12:44:26,2733,1,True,4,Mobile,Desktop,184.31.127.11,134.129.16.94,False
2023-07-29 12:44:26,2655,10,False,45,Tablet,Desktop,30.160.83.85,100.27.250.207,False
2022-09-20 12:44:26,2913,1,True,115,Mobile,Desktop,137.29.217.185,91.81.225.180,False
2023-06-14 12:44:26,452,10,True,22,Desktop,Desktop,78.212.186.20,33.83.44.196,False
2022-12-02 12:44:26,1673,6,True,51,Mobile,Mobile,7.81.148.134,254.105.205.72,False
2023-06-02 12:44:26,706,3,True,48,Desktop,Mobile,80.246.135.144,35.201.255.139,False
2022-08-27 12:44:26,2159,5,True,20,Tablet,Tablet,55.124.122.176,123.134.47.253,False
2023-03-07 12:44:26,741,7,False,83,Tablet,Mobile,218.39.92.236,157.136.215.55,False
2023-04-12 12:44:26,2933,1,True,92,Desktop,Desktop,170.60.7.63,46.228.80.86,False
2023-04-13 12:44:26,2826,8,False,32,Mobile,Mobile,107.37.127.28,14.168.18.206,False
2023-01-30 12:44:26,1656,3,False,119,Tablet,Tablet,137.175.139.114,255.46.137.53,False
2023-07-17 12:44:26,521,7,True,98,Desktop,Tablet,19.87.58.41,250.45.81.127,False
2023-03-21 12:44:26,2894,5,True,42,Mobile,Desktop,54.228.59.92,65.161.186.177,True
2023-04-28 12:44:26,1415,10,True,15,Mobile,Desktop,87.108.102.186,185.148.186.209,False
2022-11-02 12:44:26,2243,9,True,37,Mobile,Desktop,140.218.249.60,223.246.24.84,True
2023-02-20 12:44:26,2954,2,True,45,Desktop,Tablet,242.130.115.194,110.74.34.123,False
2023-07-30 12:44:26,868,9,True,21,Desktop,Tablet,190.244.53.1,33.183.139.196,False
2023-04-20 12:44:26,2606,4,True,21,Desktop,Mobile,175.168.194.211,44.100.169.38,False
2022-08-31 12:44:26,2682,3,True,11,Desktop,Tablet,19.153.205.111,231.12.200.216,False
2023-06-03 12:44:26,1383,4,True,53,Tablet,Desktop,200.48.196.44,43.65.44.147,False
2022-10-08 12:44:26,3596,3,True,5,Tablet,Mobile,232.231.113.114,240.75.142.82,False
2023-01-16 12:44:26,3211,4,True,18,Tablet,Desktop,142.85.34.67,34.99.101.219,False
2023-05-23 12:44:26,2007,5,True,29,Mobile,Mobile,138.105.127.79,45.82.134.60,False
2022-11-10 12:44:26,759,10,False,21,Mobile,Tablet,50.52.192.51,35.130.90.22,False
2023-06-19 12:44:26,1242,0,True,83,Desktop,Tablet,155.235.148.209,101.100.157.66,False
2022-10-20 12:44:26,1547,10,True,1,Mobile,Tablet,69.37.214.194,55.162.162.165,False
2023-03-31 12:44:26,2027,10,True,25,Desktop,Mobile,57.27.207.174,178.38.79.92,False
2023-03-03 12:44:26,1898,5,True,114,Desktop,Mobile,211.86.15.178,182.247.99.162,True
2023-07-27 12:44:26,153,8,True,85,Tablet,Mobile,236.107.4.199,121.114.190.113,False
2022-08-16 12:44:26,1864,8,True,94,Tablet,Mobile,91.48.163.186,119.59.13.176,True
2022-11-19 12:44:26,3125,5,True,28,Tablet,Mobile,198.96.103.3,205.138.50.152,False
2023-05-04 12:44:26,1450,3,False,12,Desktop,Desktop,94.229.75.134,50.176.129.145,False
2023-01-21 12:44:26,2073,9,False,82,Tablet,Desktop,110.128.186.101,218.158.169.85,False
2022-11-06 12:44:26,2505,10,True,14,Mobile,Mobile,69.47.41.173,88.244.26.81,False
2023-03-22 12:44:26,1942,2,True,105,Desktop,Tablet,99.166.32.44,80.139.242.146,False
2023-03-19 12:44:26,2235,10,True,63,Tablet,Desktop,4.207.4.212,7.19.92.182,True
2023-04-17 12:44:26,3392,4,True,68,Mobile,Tablet,234.118.35.200,180.92.60.92,True
2023-03-08 12:44:26,846,5,False,89,Mobile,Tablet,22.249.250.171,135.163.141.200,False
2023-01-28 12:44:26,645,4,True,13,Desktop,Tablet,209.131.123.92,243.18.203.56,False
2023-04-13 12:44:26,2064,6,False,91,Tablet,Mobile,80.145.103.172,24.9.207.48,False
2023-01-23 12:44:26,2362,5,True,63,Tablet,Tablet,5.238.149.93,79.22.181.41,False
2023-05-02 12:44:26,2366,4,False,18,Tablet,Mobile,137.80.61.199,255.168.197.188,False
2023-01-21 12:44:26,2298,7,True,95,Tablet,Tablet,91.230.132.220,151.222.70.116,False
2022-12-06 12:44:26,2560,8,True,91,Tablet,Mobile,250.255.226.239,166.142.120.1,True
2023-07-23 12:44:26,725,2,False,78,Tablet,Tablet,33.138.57.204,168.187.156.173,False
2022-11-28 12:44:26,2704,1,True,118,Tablet,Mobile,123.249.139.67,122.100.124.48,False
2022-08-16 12:44:26,2312,4,True,20,Mobile,Tablet,143.110.37.220,208.12.197.115,False
2023-07-24 12:44:26,3278,8,False,13,Desktop,Desktop,47.61.69.220,20.171.211.79,False
2022-11-27 12:44:26,1490,1,False,119,Mobile,Desktop,234.10.246.42,59.159.215.154,False
2023-07-29 12:44:26,2802,1,False,36,Mobile,Mobile,103.127.128.104,160.162.234.137,False
2023-04-06 12:44:26,1511,7,True,45,Mobile,Tablet,75.111.193.240,150.23.147.232,False
2022-10-10 12:44:26,1978,8,False,92,Tablet,Desktop,213.105.151.78,225.144.88.99,False
2023-05-20 12:44:26,100,9,False,83,Mobile,Mobile,86.237.136.176,143.224.179.15,False
2022-09-18 12:44:26,1520,10,False,19,Mobile,Mobile,60.202.180.122,203.142.200.166,False
2023-04-21 12:44:26,527,4,False,94,Mobile,Desktop,209.112.86.154,149.178.203.48,False
2023-05-12 12:44:26,3172,5,True,102,Tablet,Desktop,16.147.199.103,125.19.128.147,True
2023-02-28 12:44:26,1644,10,True,64,Mobile,Desktop,148.191.173.218,180.200.156.33,False
2023-07-20 12:44:26,729,9,False,99,Desktop,Tablet,222.93.16.247,241.7.43.51,False
2023-05-30 12:44:26,1849,9,True,74,Mobile,Mobile,170.220.182.94,218.166.14.235,False
2022-09-11 12:44:26,2845,5,True,73,Tablet,Mobile,100.121.168.132,40.146.235.60,True
2023-07-28 12:44:26,3123,10,False,26,Desktop,Tablet,249.218.48.220,77.63.233.24,False
2022-12-23 12:44:26,3183,10,False,12,Tablet,Desktop,88.226.105.218,44.93.185.71,False
2023-05-06 12:44:26,123,0,True,90,Desktop,Tablet,69.2.178.129,248.191.148.153,False
2023-03-19 12:44:26,2416,8,True,117,Tablet,Tablet,122.232.104.123,203.217.167.75,False
2023-02-05 12:44:26,1651,0,False,111,Tablet,Desktop,253.64.250.136,10.60.37.44,False
2023-03-25 12:44:26,2321,0,False,20,Tablet,Tablet,249.33.54.238,136.47.253.25,False
2023-04-08 12:44:26,3555,7,True,81,Mobile,Tablet,99.34.66.31,54.217.5.197,True
2023-04-09 12:44:26,74,4,True,117,Tablet,Mobile,126.162.94.247,171.39.245.196,False
2022-09-03 12:44:26,1819,3,False,2,Mobile,Tablet,112.38.19.63,240.236.175.206,False
2022-10-21 12:44:26,105,10,True,69,Tablet,Mobile,71.118.8.43,249.83.162.104,False
2023-07-23 12:44:26,3323,5,True,97,Mobile,Tablet,216.109.138.91,216.219.243.196,True
2022-12-11 12:44:26,922,9,False,55,Desktop,Desktop,21.193.194.101,37.173.232.215,False
2022-10-28 12:44:26,1376,9,False,3,Desktop,Desktop,184.134.200.39,225.218.114.226,False
2022-11-26 12:44:26,1220,2,False,83,Tablet,Desktop,236.191.174.176,143.200.204.100,False
2023-04-18 12:44:26,1703,3,True,91,Mobile,Mobile,227.194.192.212,213.218.149.4,False
2022-11-07 12:44:26,2179,0,True,100,Tablet,Desktop,168.121.34.111,153.105.49.18,False
2023-02-18 12:44:26,2104,5,True,27,Desktop,Tablet,168.93.3.185,252.56.51.130,False
2022-12-15 12:44:26,2698,0,False,41,Desktop,Tablet,129.28.136.224,28.236.73.94,False
2022-12-24 12:44:26,2121,3,True,92,Tablet,Desktop,106.208.191.18,161.22.87.121,True
2023-01-23 12:44:26,3210,4,True,32,Tablet,Desktop,234.240.161.176,163.225.100.169,True
2023-06-19 12:44:26,1678,0,False,72,Desktop,Desktop,104.42.235.74,21.242.23.173,False
2023-06-08 12:44:26,939,4,False,23,Mobile,Mobile,56.83.146.127,113.223.88.34,False
2022-10-21 12:44:26,2409,10,True,23,Mobile,Mobile,24.147.246.115,182.37.216.169,False
2022-08-20 12:44:26,2215,0,True,110,Tablet,Mobile,92.252.80.211,79.28.1.58,False
2022-08-31 12:44:26,2454,1,True,89,Mobile,Desktop,208.219.49.92,164.33.166.5,False
2023-03-30 12:44:26,2024,3,True,5,Tablet,Tablet,251.224.224.95,223.119.157.58,False
2022-11-15 12:44:26,2489,0,True,62,Desktop,Tablet,201.120.101.110,169.79.63.21,False
2022-08-14 12:44:26,1044,10,True,71,Mobile,Desktop,128.9.72.117,172.107.93.210,False
2022-12-02 12:44:26,3164,8,True,38,Tablet,Desktop,44.201.66.73,209.29.203.102,True
2023-03-06 12:44:26,2577,5,True,42,Tablet,Desktop,184.35.237.225,46.47.75.195,True
2022-10-17 12:44:26,69,0,True,60,Tablet,Tablet,252.177.166.97,237.71.193.235,False
2023-01-08 12:44:26,2305,7,True,96,Desktop,Tablet,236.120.142.34,69.195.192.166,True
2023-04-04 12:44:26,1115,2,False,64,Mobile,Mobile,229.6.196.28,117.180.78.253,False
2022-10-31 12:44:26,1492,10,True,102,Tablet,Mobile,236.121.67.114,150.182.233.6,False
2022-11-24 12:44:26,2455,4,True,96,Mobile,Tablet,133.95.16.152,243.207.182.7,True
2023-05-13 12:44:26,2562,4,False,52,Desktop,Mobile,252.187.73.102,172.245.149.133,False
2022-09-27 12:44:26,1643,5,True,36,Desktop,Desktop,81.19.56.60,219.111.214.160,False
2023-02-08 12:44:26,365,0,True,80,Desktop,Desktop,43.19.189.235,215.197.148.63,False
2023-08-04 12:44:26,504,1,True,62,Mobile,Tablet,55.136.176.212,77.168.80.79,False
2022-12-06 12:44:26,2185,2,False,5,Tablet,Mobile,176.61.112.50,160.98.131.232,False
2023-06-14 12:44:26,868,2,True,53,Mobile,Desktop,53.8.78.216,84.122.142.175,False
2023-04-25 12:44:26,2219,1,True,44,Mobile,Tablet,111.191.167.146,203.23.59.220,False
2022-11-24 12:44:26,1770,2,True,97,Tablet,Mobile,67.19.184.52,102.62.202.168,False
2023-01-04 12:44:26,617,0,True,77,Mobile,Desktop,217.151.19.159,157.155.80.42,False
2023-01-21 12:44:26,3583,2,False,103,Tablet,Mobile,231.145.67.36,255.222.82.60,False
2022-09-08 12:44:26,1219,8,True,47,Desktop,Desktop,234.203.179.88,21.56.136.213,False
2023-02-26 12:44:26,1563,3,True,114,Desktop,Mobile,156.233.11.209,5.199.204.39,False
2022-09-19 12:44:26,937,2,True,4,Tablet,Desktop,174.176.231.178,111.210.73.160,False
2023-02-02 12:44:26,2331,5,False,63,Desktop,Tablet,20.14.65.38,215.19.100.248,False
2023-03-07 12:44:26,348,4,True,61,Desktop,Mobile,143.18.53.181,7.14.152.159,False
2022-10-17 12:44:26,686,0,True,56,Tablet,Tablet,133.156.71.227,45.129.7.36,False
2022-09-01 12:44:26,1321,7,True,92,Mobile,Tablet,142.87.2.159,12.79.202.44,False
2022-11-13 12:44:26,2416,6,False,29,Desktop,Mobile,140.154.5.165,168.251.128.66,False
2023-06-15 12:44:26,3155,3,True,1,Mobile,Tablet,198.59.234.166,6.191.231.131,False
2022-11-15 12:44:26,2195,1,True,19,Tablet,Tablet,81.12.231.177,28.88.163.108,False
2023-01-10 12:44:26,628,3,True,60,Desktop,Tablet,103.194.47.108,114.108.121.67,False
2022-11-24 12:44:26,67,2,True,116,Tablet,Mobile,194.185.166.175,192.204.115.62,False
2023-05-19 12:44:26,2870,10,True,110,Mobile,Tablet,49.177.132.72,218.57.60.25,True
2023-05-27 12:44:26,1436,3,True,73,Tablet,Desktop,195.29.171.240,83.28.174.208,False
2023-02-20 12:44:26,152,3,True,119,Tablet,Mobile,207.162.213.107,114.159.177.134,False
2022-11-28 12:44:26,1807,5,True,108,Mobile,Tablet,13.245.30.71,195.212.213.191,True
2023-04-03 12:44:26,1198,0,True,20,Tablet,Tablet,56.195.63.74,85.106.145.226,False
2023-07-12 12:44:26,3544,1,True,49,Desktop,Mobile,223.48.233.250,159.241.94.28,False
2023-05-29 12:44:26,2671,4,False,92,Mobile,Desktop,19.207.118.59,86.132.196.193,False
2022-09-25 12:44:26,272,7,True,20,Tablet,Desktop,108.43.250.8,197.31.227.170,False
2023-04-30 12:44:26,90,2,True,52,Mobile,Tablet,183.131.70.241,55.190.58.101,False
2023-05-13 12:44:26,674,7,True,21,Desktop,Tablet,195.131.2.202,47.28.221.211,False
2023-06-21 12:44:26,2937,3,True,27,Tablet,Tablet,193.32.112.195,12.80.55.92,False
2022-11-23 12:44:26,132,9,True,50,Mobile,Tablet,110.8.18.5,194.31.126.45,False
2023-03-26 12:44:26,1595,10,True,94,Desktop,Mobile,63.191.249.206,131.227.143.187,False
2023-05-04 12:44:26,1182,1,True,105,Tablet,Desktop,245.77.157.204,102.91.133.222,False
2023-03-27 12:44:26,1663,6,False,107,Mobile,Tablet,209.200.76.221,158.179.70.236,False
2022-09-16 12:44:26,962,7,False,21,Mobile,Mobile,188.121.169.123,145.17.96.166,False
2022-12-18 12:44:26,859,8,False,104,Tablet,Mobile,208.49.143.245,9.49.235.79,False
2023-07-02 12:44:26,1980,7,True,29,Mobile,Desktop,90.23.3.80,70.82.17.84,False
2023-07-22 12:44:26,3381,5,True,40,Mobile,Mobile,37.221.102.240,14.16.97.98,False
2022-12-27 12:44:26,3594,0,True,23,Tablet,Mobile,60.191.107.223,90.38.56.36,False
2023-04-08 12:44:26,1368,8,True,8,Tablet,Tablet,68.118.186.71,96.144.99.214,False
2023-06-21 12:44:26,1679,8,True,120,Mobile,Tablet,227.40.247.196,173.31.239.76,False
2022-12-18 12:44:26,2948,6,True,66,Desktop,Tablet,74.98.80.162,207.222.166.179,True
2022-10-26 12:44:26,2950,0,True,91,Tablet,Tablet,32.59.153.20,104.62.99.240,False
2022-11-17 12:44:26,845,8,False,47,Desktop,Tablet,133.165.58.162,32.72.185.36,False
2023-04-14 12:44:26,132,5,True,101,Mobile,Mobile,73.117.183.115,230.208.11.177,False
2022-09-20 12:44:26,3580,3,False,58,Mobile,Tablet,249.81.52.178,1.37.242.237,False
2022-08-29 12:44:26,2686,4,True,92,Desktop,Tablet,241.140.28.240,15.14.104.87,True
2023-05-08 12:44:26,531,4,True,24,Tablet,Mobile,40.32.88.123,40.150.232.12,False
2023-06-05 12:44:26,2105,4,False,76,Tablet,Mobile,152.113.61.69,184.87.174.67,False
2023-03-05 12:44:26,95,0,False,18,Desktop,Desktop,34.233.253.251,177.170.83.113,False
2023-03-12 12:44:26,262,9,True,52,Mobile,Mobile,45.128.198.116,148.159.57.104,False
2023-03-16 12:44:26,1343,6,True,98,Desktop,Tablet,34.214.22.70,37.48.187.247,False
2023-07-25 12:44:26,1168,8,True,107,Desktop,Mobile,205.115.234.182,29.21.246.60,False
2023-05-05 12:44:26,3082,3,True,22,Tablet,Mobile,105.41.84.64,57.165.87.56,False
2023-04-21 12:44:26,3081,6,True,106,Tablet,Mobile,125.217.66.170,66.145.50.230,True
2023-07-22 12:44:26,3272,10,True,26,Mobile,Tablet,48.8.105.198,100.241.219.44,False
2022-11-07 12:44:26,2278,7,True,22,Mobile,Tablet,115.244.85.142,182.203.187.237,False
2023-02-23 12:44:26,1200,1,False,5,Desktop,Desktop,229.210.141.191,104.35.228.177,False
2023-07-06 12:44:26,2814,9,False,87,Desktop,Mobile,167.95.240.245,114.139.97.214,False
2023-04-06 12:44:26,398,10,True,6,Tablet,Desktop,230.168.133.60,95.147.237.101,False
2022-08-27 12:44:26,3520,5,True,114,Desktop,Tablet,111.153.124.129,147.39.26.2,True
2022-09-22 12:44:26,1339,10,True,27,Desktop,Tablet,70.14.183.112,247.131.84.18,False
2023-06-14 12:44:26,2202,3,True,106,Mobile,Desktop,160.182.163.9,179.223.105.49,True
2023-01-31 12:44:26,2165,3,True,33,Desktop,Tablet,253.217.170.186,25.170.206.102,True
2023-01-04 12:44:26,256,10,True,56,Tablet,Mobile,233.195.173.139,231.51.175.14,False
2022-08-09 12:44:26,507,3,True,118,Desktop,Tablet,61.230.239.248,149.39.69.92,False
2023-07-28 12:44:26,140,2,True,118,Mobile,Mobile,137.207.241.36,109.82.44.185,False
2023-02-21 12:44:26,465,6,True,28,Tablet,Tablet,244.54.250.29,174.182.198.199,False
2023-03-23 12:44:26,2499,5,False,65,Desktop,Desktop,120.85.8.136,113.230.216.229,False
2023-06-05 12:44:26,3053,7,False,20,Desktop,Desktop,254.34.86.213,6.50.161.20,False
2023-03-15 12:44:26,2687,6,True,55,Tablet,Mobile,8.216.178.147,221.236.68.59,True
2023-03-17 12:44:26,786,10,True,106,Mobile,Tablet,255.109.5.156,244.199.207.78,False
2023-02-20 12:44:26,2075,6,True,8,Mobile,Desktop,239.67.247.34,242.34.32.194,False
2023-01-21 12:44:26,3451,7,True,78,Desktop,Desktop,212.22.246.237,55.62.243.57,False
2023-05-18 12:44:26,2880,4,True,77,Desktop,Mobile,184.82.1.250,172.208.247.23,True
2022-12-25 12:44:26,3149,9,True,11,Desktop,Desktop,85.88.17.30,232.55.28.220,False
2023-02-20 12:44:26,869,6,True,87,Tablet,Tablet,136.167.15.115,234.19.111.88,False
2023-05-28 12:44:26,1267,9,True,7,Tablet,Tablet,32.82.212.57,179.83.245.166,False
2022-09-25 12:44:26,282,4,True,108,Desktop,Tablet,154.27.54.194,10.209.198.184,False
2022-12-11 12:44:26,2495,1,True,55,Tablet,Tablet,234.36.157.21,59.196.114.212,False
2023-05-23 12:44:26,1079,8,False,56,Desktop,Desktop,141.109.200.11,241.148.182.195,False
2022-10-30 12:44:26,3480,3,True,13,Desktop,Desktop,194.112.18.227,242.94.215.103,False
2022-08-30 12:44:26,2833,1,True,100,Desktop,Desktop,221.116.102.197,181.15.178.108,False
2023-07-02 12:44:26,2839,3,True,9,Mobile,Desktop,177.129.192.74,191.243.114.59,False
2023-07-16 12:44:26,1699,8,True,61,Mobile,Desktop,157.242.105.173,157.137.136.151,False
2023-06-12 12:44:26,2946,10,True,57,Desktop,Mobile,121.31.58.84,205.248.107.127,True
2022-12-08 12:44:26,841,10,True,94,Mobile,Desktop,42.126.132.220,49.242.60.54,False
2023-08-03 12:44:26,1814,7,True,19,Tablet,Mobile,204.212.33.49,151.138.197.167,False
2023-03-23 12:44:26,2151,10,True,8,Mobile,Tablet,68.69.85.88,9.93.157.207,False
2023-02-17 12:44:26,3161,0,True,90,Desktop,Mobile,2.148.150.13,60.101.55.43,False
2022-10-16 12:44:26,2617,10,True,14,Mobile,Desktop,221.5.71.77,166.56.244.239,False
2022-12-14 12:44:26,2880,5,True,3,Tablet,Mobile,137.14.219.103,213.57.253.124,False
2022-10-03 12:44:26,428,9,True,17,Tablet,Mobile,5.249.195.54,207.173.35.185,False
2022-09-01 12:44:26,421,0,True,112,Tablet,Mobile,219.121.142.18,186.149.68.51,False
2023-03-23 12:44:26,963,8,True,10,Mobile,Tablet,100.209.232.213,84.207.190.206,False
2023-03-11 12:44:26,164,4,True,21,Desktop,Mobile,27.121.189.135,45.71.245.110,False
2023-04-03 12:44:26,134,3,False,106,Desktop,Desktop,224.92.104.218,145.90.33.141,False
2023-02-22 12:44:26,705,5,False,35,Mobile,Mobile,213.121.11.152,84.103.231.240,False
2023-03-06 12:44:26,1951,5,True,35,Desktop,Desktop,228.148.175.21,158.5.64.48,False
2023-05-19 12:44:26,2093,8,False,114,Mobile,Tablet,141.80.189.65,135.198.171.186,False
2022-11-22 12:44:26,2474,5,False,99,Mobile,Desktop,195.209.155.149,239.98.210.132,False
2023-06-17 12:44:26,2109,10,True,79,Mobile,Desktop,255.235.183.14,233.69.110.251,True
2023-01-02 12:44:26,2010,2,False,14,Desktop,Tablet,212.235.138.249,36.220.234.50,False
2022-08-11 12:44:26,1902,10,False,95,Desktop,Desktop,115.184.6.126,122.216.67.66,False
2023-07-20 12:44:26,3015,6,False,94,Mobile,Tablet,63.97.212.21,48.30.89.217,False
2023-02-15 12:44:26,3528,8,True,67,Mobile,Mobile,85.94.18.164,1.108.249.198,False
2022-11-04 12:44:26,950,5,True,78,Tablet,Tablet,223.35.171.221,219.125.233.148,False
2023-07-12 12:44:26,2758,0,True,65,Tablet,Tablet,240.142.25.122,65.244.91.249,False
2023-02-11 12:44:26,1555,0,True,22,Desktop,Mobile,35.150.123.38,188.85.245.4,False
2022-08-24 12:44:26,3129,8,True,19,Tablet,Mobile,157.108.206.79,162.34.252.229,False
2022-08-15 12:44:26,2694,3,True,119,Mobile,Tablet,12.128.180.131,137.189.57.91,True
2022-09-30 12:44:26,3165,4,False,87,Tablet,Desktop,233.179.58.44,46.111.255.224,False
2023-07-27 12:44:26,1658,8,True,71,Tablet,Mobile,156.93.170.208,252.149.237.243,False
2023-01-02 12:44:26,2746,3,True,97,Mobile,Desktop,118.231.47.248,220.235.37.101,True
2023-02-10 12:44:26,2131,10,True,24,Mobile,Mobile,23.17.79.173,1.79.219.3,False
2023-05-21 12:44:26,3517,9,True,92,Tablet,Desktop,81.70.214.47,38.169.80.241,True
2022-10-06 12:44:26,1148,9,True,35,Mobile,Tablet,209.197.72.163,94.60.164.223,False
2023-04-13 12:44:26,145,4,True,4,Mobile,Tablet,203.210.224.135,239.51.121.86,False
2022-12-04 12:44:26,959,3,True,11,Tablet,Desktop,221.128.88.42,34.76.184.43,False
2023-06-06 12:44:26,601,5,True,107,Tablet,Tablet,134.98.125.51,248.161.120.194,False
2023-03-11 12:44:26,307,10,False,50,Tablet,Tablet,37.152.248.188,65.46.112.75,False
2023-04-07 12:44:26,1350,5,True,20,Desktop,Tablet,75.157.145.170,109.56.29.62,False
2023-03-15 12:44:26,1967,10,False,5,Tablet,Mobile,81.1.83.179,98.191.42.214,False
2023-03-24 12:44:26,78,8,False,26,Tablet,Tablet,127.122.113.226,93.69.173.38,False
2023-04-24 12:44:26,305,7,True,31,Desktop,Tablet,179.79.86.43,226.156.10.25,False
2023-01-24 12:44:26,1692,0,True,16,Mobile,Tablet,22.75.178.230,80.221.157.110,False
2022-11-30 12:44:26,3558,3,True,100,Mobile,Desktop,58.2.162.23,15.140.239.145,True
2023-08-01 12:44:26,3242,10,True,111,Mobile,Desktop,34.73.168.27,44.55.83.53,True
2022-08-06 12:44:26,727,7,True,45,Desktop,Mobile,240.185.9.177,234.37.183.31,False
2023-01-25 12:44:26,570,0,True,63,Mobile,Tablet,189.218.164.130,166.226.12.148,False
2023-03-26 12:44:26,2155,3,False,66,Mobile,Desktop,144.186.187.215,52.173.171.74,False
2022-10-27 12:44:26,2025,1,True,115,Tablet,Tablet,111.183.242.91,72.70.48.26,False
2023-05-18 12:44:26,1984,2,True,83,Mobile,Desktop,127.25.74.132,64.36.164.123,False
2023-07-24 12:44:26,1676,1,True,110,Desktop,Mobile,161.234.181.120,197.72.15.47,False
2023-05-24 12:44:26,2780,3,False,101,Mobile,Mobile,58.191.58.254,105.62.58.114,False
2023-01-27 12:44:26,487,7,True,69,Tablet,Tablet,46.6.195.255,55.68.122.217,False
2023-02-24 12:44:26,2641,3,False,109,Mobile,Tablet,144.111.81.81,117.175.111.247,False
2022-11-26 12:44:26,2032,3,False,114,Desktop,Tablet,41.8.238.205,12.222.171.13,False
2023-04-04 12:44:26,539,3,False,74,Tablet,Tablet,152.202.211.229,175.222.66.66,False
2023-02-21 12:44:26,2988,1,False,95,Mobile,Desktop,189.168.248.223,12.216.167.185,False
2023-02-25 12:44:26,2741,2,True,98,Tablet,Tablet,135.116.38.71,168.28.57.219,False
2022-09-30 12:44:26,568,0,True,79,Tablet,Mobile,119.14.11.145,199.3.107.143,False
2023-02-18 12:44:26,1716,7,True,18,Mobile,Mobile,88.148.39.185,135.189.201.239,False
2022-11-09 12:44:26,1004,1,True,115,Mobile,Mobile,37.151.189.47,166.107.64.192,False
2022-12-31 12:44:26,3237,8,True,88,Desktop,Tablet,129.168.89.248,201.7.142.72,True
2022-11-17 12:44:26,656,9,False,64,Tablet,Tablet,175.17.41.151,235.233.2.81,False
2023-02-01 12:44:26,3352,8,True,3,Mobile,Desktop,76.13.216.226,3.146.155.111,False
2023-06-20 12:44:26,2291,1,True,39,Tablet,Tablet,190.170.116.201,165.5.131.255,False
2022-12-11 12:44:26,902,7,False,120,Mobile,Desktop,247.8.161.28,56.214.165.60,False
2023-03-26 12:44:26,180,0,True,99,Desktop,Tablet,240.59.177.7,144.239.111.183,False
2023-04-17 12:44:26,3566,5,True,88,Desktop,Mobile,184.35.170.58,88.92.171.44,True
2022-12-14 12:44:26,1852,7,True,55,Mobile,Mobile,115.13.30.36,207.131.81.124,False
2022-12-26 12:44:26,2251,9,False,8,Desktop,Tablet,87.58.213.230,245.254.240.37,False
2023-02-01 12:44:26,350,8,False,114,Mobile,Desktop,249.32.208.115,210.126.88.165,False
2023-02-13 12:44:26,1105,7,True,100,Mobile,Tablet,81.52.217.140,13.154.103.136,False
2022-12-05 12:44:26,320,5,False,38,Tablet,Mobile,220.193.15.107,81.106.7.30,False
2023-02-24 12:44:26,3589,7,False,105,Mobile,Tablet,216.84.101.121,204.18.159.214,False
2023-03-08 12:44:26,3291,4,False,49,Mobile,Tablet,185.12.17.122,224.191.128.169,False
2023-07-17 12:44:26,3201,10,True,4,Mobile,Mobile,150.179.88.163,223.50.101.217,False
2023-03-01 12:44:26,3517,5,False,16,Mobile,Tablet,220.253.216.227,167.41.66.127,False
2022-11-20 12:44:26,476,2,True,36,Desktop,Mobile,115.177.200.146,144.144.175.161,False
2022-09-23 12:44:26,710,8,True,107,Desktop,Tablet,252.151.78.27,53.233.176.55,False
2022-09-30 12:44:26,3450,3,True,60,Tablet,Desktop,255.142.213.115,151.134.71.253,True
2022-12-12 12:44:26,1498,6,False,7,Mobile,Desktop,19.221.228.61,177.233.235.42,False
2023-07-28 12:44:26,899,7,True,101,Mobile,Tablet,94.32.218.28,13.18.125.170,False
2023-05-01 12:44:26,322,3,True,19,Mobile,Desktop,240.233.209.147,107.21.228.124,False
2023-04-30 12:44:26,2074,9,True,88,Tablet,Mobile,50.144.44.122,110.7.166.108,True
2023-02-04 12:44:26,1093,9,True,84,Desktop,Mobile,66.195.128.182,163.239.190.241,False
2023-07-10 12:44:26,1068,3,True,32,Desktop,Tablet,178.177.131.167,35.164.167.64,False
2022-08-30 12:44:26,2877,10,True,8,Desktop,Tablet,69.251.45.9,158.141.233.56,False
2022-12-26 12:44:26,1684,7,True,99,Tablet,Desktop,65.159.147.246,251.32.82.167,False
2023-07-28 12:44:26,164,7,True,101,Mobile,Tablet,140.22.87.209,1.20.8.35,False
2023-07-01 12:44:26,2001,6,True,24,Desktop,Desktop,228.177.254.87,222.10.62.191,False
2023-02-23 12:44:26,1869,6,False,57,Tablet,Mobile,195.212.20.40,191.64.167.84,False
2022-09-18 12:44:26,574,5,False,115,Mobile,Mobile,46.193.116.53,78.93.93.249,False
2023-07-16 12:44:26,155,0,False,102,Desktop,Mobile,193.95.48.247,156.78.133.72,False
2023-01-13 12:44:26,752,6,False,45,Tablet,Desktop,26.65.206.113,159.109.192.117,False
2023-05-01 12:44:26,897,6,True,27,Mobile,Desktop,52.21.46.106,91.132.31.211,False
2022-09-10 12:44:26,3523,1,True,34,Desktop,Tablet,185.11.120.158,186.222.104.176,False
2023-01-04 12:44:26,3437,4,True,57,Mobile,Desktop,173.70.211.8,40.55.218.49,True
2023-02-12 12:44:26,3240,4,True,46,Tablet,Desktop,142.191.217.26,84.20.114.32,True
2022-11-26 12:44:26,2150,7,True,60,Mobile,Desktop,3.208.21.15,72.189.119.95,True
2022-08-12 12:44:26,446,4,True,99,Mobile,Desktop,24.63.177.7,107.249.250.209,False
2023-05-26 12:44:26,637,4,True,85,Desktop,Desktop,31.15.80.187,69.105.7.236,False
2023-03-27 12:44:26,946,3,True,54,Mobile,Tablet,157.124.216.192,10.118.229.58,False
2023-02-18 12:44:26,3222,8,False,16,Tablet,Tablet,205.39.245.90,93.138.28.102,False
2023-05-05 12:44:26,3485,2,False,70,Mobile,Desktop,104.48.230.132,18.252.38.159,False
2022-11-06 12:44:26,2776,3,True,25,Mobile,Tablet,192.250.85.103,42.22.186.79,False
2023-02-14 12:44:26,1251,7,True,62,Mobile,Mobile,88.59.34.123,45.227.144.78,False
2023-06-07 12:44:26,3407,10,True,100,Mobile,Desktop,10.131.143.236,35.233.114.40,True
2022-11-10 12:44:26,1328,9,True,97,Mobile,Mobile,250.7.90.172,145.28.18.124,False
2022-10-31 12:44:26,3123,8,True,61,Mobile,Tablet,225.89.239.200,116.2.180.157,True
2022-12-09 12:44:26,1759,7,True,51,Mobile,Desktop,37.165.53.67,180.130.50.117,False
2023-01-17 12:44:26,1084,0,False,47,Tablet,Mobile,1.172.154.88,233.202.48.234,False
2023-05-05 12:44:26,770,5,False,19,Desktop,Tablet,213.29.137.4,44.176.24.13,False
2022-11-27 12:44:26,3163,9,True,119,Mobile,Mobile,53.143.213.190,50.145.14.186,False
2022-12-27 12:44:26,1818,10,True,63,Mobile,Desktop,248.131.222.126,187.27.68.77,True
2023-03-07 12:44:26,1153,10,False,4,Mobile,Desktop,145.229.33.253,218.204.253.8,False
2023-01-16 12:44:26,1686,3,True,56,Desktop,Desktop,76.2.69.203,100.100.255.56,False
2023-06-19 12:44:26,3122,3,True,47,Tablet,Tablet,206.48.60.222,231.152.198.158,False
2022-10-28 12:44:26,2739,1,True,5,Mobile,Mobile,155.40.174.186,39.12.70.38,False
2022-09-30 12:44:26,1638,0,True,78,Mobile,Tablet,115.240.97.1,153.81.160.119,False
2023-06-03 12:44:26,2546,4,True,87,Tablet,Tablet,142.197.42.155,112.224.159.135,False
2023-03-13 12:44:26,2333,7,True,81,Desktop,Mobile,188.250.191.39,213.249.107.141,True
2022-12-13 12:44:26,2407,2,False,87,Mobile,Mobile,157.214.16.116,200.5.128.71,False
2023-01-11 12:44:26,2821,9,True,22,Mobile,Tablet,109.212.157.20,182.235.161.188,False
2022-09-23 12:44:26,1266,3,True,85,Tablet,Desktop,82.95.40.42,76.215.76.237,False
2023-03-01 12:44:26,2441,10,True,78,Desktop,Tablet,56.181.17.67,185.246.255.80,True
2023-04-30 12:44:26,545,6,True,69,Mobile,Desktop,240.49.243.23,61.194.211.163,False
2022-11-14 12:44:26,855,10,False,30,Desktop,Tablet,177.116.244.122,167.151.242.26,False
2023-03-05 12:44:26,657,6,True,50,Mobile,Mobile,45.173.238.135,84.145.182.20,False
2023-04-19 12:44:26,3007,5,False,13,Mobile,Desktop,4.138.92.126,24.77.123.110,False
2022-08-08 12:44:26,1164,1,True,95,Desktop,Tablet,28.39.54.215,165.209.161.40,False
2022-10-25 12:44:26,2873,2,True,27,Tablet,Mobile,106.24.94.131,69.172.97.117,False
2023-05-06 12:44:26,2458,8,False,81,Tablet,Mobile,69.120.199.55,73.207.137.246,False
2022-11-22 12:44:26,1649,9,True,14,Desktop,Tablet,168.106.3.241,55.240.3.185,False
2022-09-27 12:44:26,1046,3,True,90,Tablet,Mobile,52.172.109.112,192.244.32.76,False
2022-11-06 12:44:26,2044,5,False,37,Mobile,Desktop,34.137.192.70,245.209.4.162,False
2023-05-30 12:44:26,330,6,True,100,Desktop,Tablet,196.20.200.166,167.83.167.209,False
2023-01-25 12:44:26,2018,0,True,31,Mobile,Desktop,182.118.70.108,152.242.9.166,False
2023-06-03 12:44:26,938,9,True,66,Mobile,Mobile,130.110.238.16,253.106.47.20,False
2023-03-28 12:44:26,787,10,False,119,Desktop,Tablet,147.138.141.87,18.77.157.40,False
2023-01-25 12:44:26,3113,10,True,44,Mobile,Mobile,113.233.32.29,229.185.235.11,False
2023-06-12 12:44:26,515,10,True,9,Mobile,Mobile,193.38.223.84,141.161.190.4,False
2022-09-14 12:44:26,1637,2,True,77,Mobile,Tablet,173.207.209.234,12.154.206.20,False
2023-03-04 12:44:26,1588,0,False,65,Desktop,Desktop,6.214.105.183,238.118.169.162,False
2023-02-15 12:44:26,2567,4,False,3,Tablet,Desktop,232.181.230.121,33.104.179.103,False
2023-02-13 12:44:26,986,10,True,79,Mobile,Mobile,157.131.185.17,190.190.174.161,False
2022-08-05 12:44:26,1927,10,True,54,Tablet,Desktop,187.89.98.41,192.126.254.30,True
2023-01-23 12:44:26,1737,8,False,79,Mobile,Mobile,186.8.113.135,55.182.75.150,False
2023-03-28 12:44:26,100,4,True,45,Tablet,Desktop,162.49.138.98,136.80.27.133,False
2022-12-06 12:44:26,2828,9,False,14,Desktop,Mobile,239.30.95.231,241.131.125.186,False
2023-04-02 12:44:26,923,9,True,47,Desktop,Mobile,2.10.214.253,158.176.192.141,False
2023-05-28 12:44:26,1239,7,True,108,Desktop,Desktop,153.194.168.111,243.244.212.88,False
2023-07-13 12:44:26,1194,9,True,111,Mobile,Desktop,82.137.20.140,228.5.52.87,False
2022-11-11 12:44:26,2124,9,False,59,Tablet,Mobile,188.67.138.218,101.94.112.99,False
2023-03-25 12:44:26,152,10,False,105,Mobile,Mobile,80.163.30.241,231.18.59.181,False
2022-10-03 12:44:26,3056,3,True,84,Desktop,Tablet,226.236.209.175,78.19.30.78,True
2023-01-07 12:44:26,1453,7,False,105,Tablet,Mobile,134.209.157.58,199.33.132.125,False
2022-11-30 12:44:26,1430,2,True,14,Tablet,Tablet,241.73.232.252,191.106.124.32,False
2023-06-19 12:44:26,770,9,True,57,Mobile,Desktop,55.147.43.86,92.245.36.130,False
2023-02-26 12:44:26,1135,4,True,97,Tablet,Mobile,130.59.36.59,156.29.101.24,False
2023-07-15 12:44:26,3101,0,True,92,Tablet,Mobile,1.209.84.122,200.161.60.16,False
2023-07-20 12:44:26,1028,6,True,49,Mobile,Desktop,206.234.90.190,70.165.212.215,False
2022-12-07 12:44:26,471,10,False,41,Desktop,Desktop,215.158.230.226,34.13.123.4,False
2023-06-10 12:44:26,1185,10,True,2,Mobile,Tablet,222.156.217.152,13.215.61.5,False
2022-11-02 12:44:26,1855,8,False,101,Mobile,Desktop,13.132.41.155,150.115.240.103,False
2022-12-20 12:44:26,2217,7,True,65,Desktop,Mobile,214.199.127.181,185.164.92.2,True
2022-12-18 12:44:26,1216,9,True,58,Desktop,Desktop,123.150.6.157,247.14.111.174,False
2022-10-01 12:44:26,3395,7,False,116,Mobile,Desktop,181.252.246.239,128.55.132.23,False
2023-05-03 12:44:26,1301,5,True,14,Tablet,Tablet,184.177.85.39,144.132.39.73,False
2022-09-27 12:44:26,1826,6,True,77,Tablet,Desktop,150.19.44.58,43.26.196.128,True
2023-04-05 12:44:26,1693,3,True,96,Desktop,Mobile,46.155.154.7,152.149.207.72,False
2023-02-15 12:44:26,2324,5,True,108,Desktop,Mobile,221.213.119.245,84.32.117.113,True
2023-03-11 12:44:26,2542,8,True,68,Tablet,Mobile,128.126.154.49,217.6.200.72,True
2023-07-29 12:44:26,1701,7,True,71,Mobile,Mobile,68.53.116.230,192.124.179.78,False
2022-10-13 12:44:26,759,6,False,1,Tablet,Mobile,214.240.101.17,167.114.212.174,False
2022-09-01 12:44:26,2358,5,True,36,Tablet,Tablet,11.101.238.10,117.26.121.193,False
2022-10-23 12:44:26,3390,6,True,23,Desktop,Tablet,14.63.199.235,201.28.27.163,False
2022-10-13 12:44:26,2428,0,True,93,Mobile,Desktop,35.71.244.143,236.172.179.4,False
